reference_mic	trading_line_id	ticker	display_name	as_of_date	age_days	available_sessions	latest_close	momentum_1m	momentum_3m	momentum_6m	volatility_60d_annualized	current_drawdown_252d	max_drawdown_252d	median_trades_20d	median_turnover_20d	diagnostic_flag_count	flag_stale_gt_7d	flag_stale_gt_30d	flag_zero_vol	flag_very_low_activity	flag_low_activity	flag_1m_abs_gt_100pct	flag_3m_abs_gt_100pct	flag_6m_abs_gt_100pct	flag_vol_gt_150pct	flag_vol_gt_300pct	flag_current_dd_gt_90pct	flag_max_dd_gt_90pct
XPAR	FR0010209809-XPAR	SFCA	SOC FRANC CASINOS	2026-09-14	0	509.0	5.95	1.32421875	1.7045454545454546	2.251366120218579	3.142064878161647	-0.0245901639344261	-0.2081218274111674	2.0	153.0	7	False	False	False	True	True	True	True	True	True	True	False	False
XPAR	FR001400IE67-XPAR	MHM	MYHOTELMATCH	2026-09-14	0	509.0	0.1305	6.991994532373396	6.89906627588987	4.831070535399513	9.001605941415452	-0.2888283378746593	-0.6207348930751616	14.0	1870.0	6	False	False	False	False	True	True	True	True	True	True	False	False
MTAA	IT0005122400-MTAA	OEC	OPS ECOM	2026-07-28	48	1219.0	0.0234	-0.1642857142857142	-0.7340909090909091	-0.8546583850931677	1.9575932933728293	-0.9052631578947368	-0.9408906882591092	26.0	10791.385	5	True	True	False	False	False	False	False	False	True	False	True	True
MTAA	IT0005611642-MTAA	BES	BESTBE HOLDING	2025-11-25	293	1051.0	0.058	-0.0333333333333332	-0.0333333333333332	-0.5827338129496403	0.4932933292988031	-0.9290953545232272	-0.9327628361858192	6.0	1214.035	5	True	True	False	False	True	False	False	False	False	False	True	True
XBRU	BE0003748622-XBRU	IEP	IEP INVEST	2026-09-14	0	509.0	0.002	0.0	-0.999586776859504	-0.9996396396396396	2.053369476050008	-0.9996396396396396	-0.9996396396396396	0.0	0.0	5	False	False	False	True	True	False	False	False	True	False	True	True
XLIS	NL0006294274-XLIS	ENXP	EURONEXT	2025-09-25	354	262.0	81.6	0.0	0.0	0.0	0.0	0.0	0.0	0.0	0.0	5	True	True	True	True	True	False	False	False	False	False	False	False
MTAA	IT0005545675-MTAA	OPR	OPS RETAIL	2026-04-24	143	1114.0	0.0109	-0.2214285714285714	-0.7233502538071066	-0.7205128205128205	1.804199403347834	-0.7943396226415094	-0.8490566037735849	13.0	3166.16	4	True	True	False	False	True	False	False	False	True	False	False	False
XOSL	NO0013464750-XOSL	ASA	ATLANTIC SAPPHIRE	2026-09-14	0	509.0	0.78	-0.1034482758620689	-0.1333333333333333	-0.8408163265306122	1.6221918713215964	-0.90470372632865	-0.9071472205253512	17.0	41100.5	4	False	False	False	False	True	False	False	False	True	False	True	True
MTAA	IT0005730095-MTAA	EPH	EPH INVEST	2026-09-14	0	1241.0	1.14	0.1003861003861001	-0.1971830985915493	-0.3595505617977529	1.5110177076168625	-0.905	-0.925	58.0	42143.325	3	False	False	False	False	False	False	False	False	True	False	True	True
XAMS	BMG7209L1000-XAMS	PPLAA	PPLA Class A voting common share	2026-09-14	0	509.0	0.3	0.0	0.0	0.0	0.0	0.0	0.0	0.0	0.0	3	False	False	True	True	True	False	False	False	False	False	False	False
XAMS	BMG7209L1182-XAMS	PPLAB	PPLA Class B non voting common shares	2026-09-14	0	509.0	0.3	0.0	0.0	0.0	0.0	0.0	0.0	0.0	0.0	3	False	False	True	True	True	False	False	False	False	False	False	False
XAMS	GG00BMB5XZ39-XAMS	CABLE	Global InterConnection Group Limited	2026-09-14	0	509.0	2.78	0.0	0.0	-0.0071428571428571	0.0	-0.0071428571428571	-0.0071428571428571	0.0	0.0	3	False	False	True	True	True	False	False	False	False	False	False	False
XAMS	KYG137071075-XAMS	BACE	BM3EAC Corp.	2026-09-14	0	509.0	10.0	0.0	0.0	0.0	0.0	0.0	0.0	0.0	0.0	3	False	False	True	True	True	False	False	False	False	False	False	False
XAMS	NL0000009322-XAMS	INPHI	PHILIPS BUY BACK	2026-09-14	0	509.0	29.4	0.0	0.0	0.0	0.0	0.0	0.0	0.0	0.0	3	False	False	True	True	True	False	False	False	False	False	False	False
XAMS	NL00150002R5-XAMS	DSC2S	CABKA DSC2 TREASURY SHARES	2026-09-14	0	509.0	0.01	0.0	0.0	0.0	0.0	0.0	0.0	0.0	0.0	3	False	False	True	True	True	False	False	False	False	False	False	False
XAMS	NL0015000CF4-XAMS	NAITR	NEW AMSTERDAM INVEST N.V. TREASURY SHARES	2026-09-14	0	509.0	0.04	0.0	0.0	0.0	0.0	0.0	0.0	0.0	0.0	3	False	False	True	True	True	False	False	False	False	False	False	False
XAMS	NL0015000NL9-XAMS	QEVT	SPEAR INVESTMENTS I TREASURY SHARES	2026-09-14	0	509.0	0.01	0.0	0.0	0.0	0.0	0.0	0.0	0.0	0.0	3	False	False	True	True	True	False	False	False	False	False	False	False
XAMS	NL0015000NM7-XAMS	QEV	SPEAR INVESTMENTS I B.V. ORDINARY SHARES	2026-09-14	0	509.0	6.7	0.0	0.0	0.0	0.0	-0.0289855072463768	-0.0289855072463768	0.0	0.0	3	False	False	True	True	True	False	False	False	False	False	False	False
XAMS	US69355L1098-XAMS	PPLA	PPLA European Unit	2026-09-14	0	509.0	0.3	0.0	0.0	0.0	0.0	0.0	0.0	0.0	0.0	3	False	False	True	True	True	False	False	False	False	False	False	False
XBRU	BE0974280126-XBRU	BIOS	BIOSENIC	2026-09-14	0	509.0	0.002	0.0	0.0	-0.1304347826086955	0.0	-0.2307692307692307	-0.2307692307692307	0.0	0.0	3	False	False	True	True	True	False	False	False	False	False	False	False
XBRU	BE0974340722-XBRU	SEQUA	SEQUANA MEDICAL	2026-09-14	0	509.0	0.611	0.0	0.0	0.2147117296222664	0.0	-0.3784333672431332	-0.5233977619532044	0.0	0.0	3	False	False	True	True	True	False	False	False	False	False	False	False
XPAR	BMG9887P1068-XPAR	CV	ZCI Limited	2026-09-14	0	509.0	0.2	0.0	0.0	0.0	0.0	0.0	0.0	0.0	0.0	3	False	False	True	True	True	False	False	False	False	False	False	False
XPAR	FR0000060907-XPAR	CHSR	CHAUSSERIA	2026-09-14	0	509.0	7.0	0.0	0.0	0.0769230769230768	0.0	0.0	-0.0714285714285714	0.0	0.0	3	False	False	True	True	True	False	False	False	False	False	False	False
XPAR	FR0000064958-XPAR	ITXT	INTEXA	2026-09-14	0	509.0	2.5	0.0	0.0	0.0	0.0	0.0	0.0	0.0	0.0	3	False	False	True	True	True	False	False	False	False	False	False	False
XPAR	FR0000065492-XPAR	SLCO	SELCODIS	2026-09-14	0	509.0	0.29	0.0	0.0	0.0	0.0	0.0	0.0	0.0	0.0	3	False	False	True	True	True	False	False	False	False	False	False	False
XPAR	FR0004052561-XPAR	PROAC	PROACTIS SA	2026-09-14	0	509.0	0.082	0.7446808510638299	1.4477611940298507	0.1468531468531471	3.45659043805308	-0.3692307692307692	-0.6307692307692307	73.0	26361.5	3	False	False	False	False	False	False	True	False	True	True	False	False
XPAR	GB00B5ZN1N88-XPAR	SGRO	SEGRO PUBLIC LIMITED COMPANY	2026-09-14	0	509.0	10.1	0.0	0.0	-0.0194174757281554	0.0	-0.0194174757281554	-0.0194174757281554	0.0	0.0	3	False	False	True	True	True	False	False	False	False	False	False	False
XPAR	US00774B2088-XPAR	AKOM	AERKOMM INC	2026-09-14	0	509.0	2.8	0.0	0.0	0.0	0.0	0.0	0.0	0.0	0.0	3	False	False	True	True	True	False	False	False	False	False	False	False
MTAA	IT0000084043-MTAA	AUTME	AUTOSTRADE MERID	2026-09-14	0	1165.0	2.66	-0.0148148148148148	-0.0633802816901407	-0.1133333333333332	0.335963065609986	-0.1133333333333332	-0.1355932203389831	3.0	1168.24	2	False	False	False	True	True	False	False	False	False	False	False	False
MTAA	IT0000214293-MTAA	TYA	TOSCANA AEROPORTI	2026-09-11	3	1082.0	18.3	-0.0317460317460316	-0.0108108108108108	-0.0317460317460316	0.2681511976773603	-0.0849999999999999	-0.1099999999999999	5.0	1978.025	2	False	False	False	True	True	False	False	False	False	False	False	False
MTAA	IT0001402269-MTAA	RN	RISANAMENTO	2026-09-14	0	1270.0	0.044	0.2154696132596683	1.6666666666666663	2.188405797101449	1.047784007999393	-0.0927835051546392	-0.3883928571428571	650.5	1414052.495	2	False	False	False	False	False	False	True	True	False	False	False	False
MTAA	IT0001469953-MTAA	SFT	SOFTLAB	2026-09-10	4	1130.0	1.485	0.0569395017793594	-0.0889570552147238	0.2024291497975707	0.477303923529442	-0.1885245901639344	-0.5	5.0	2583.82	2	False	False	False	True	True	False	False	False	False	False	False	False
MTAA	IT0001487047-MTAA	BWZ	BEEWIZE	2026-09-14	0	1064.0	0.32	-0.1160220994475137	-0.1351351351351351	-0.2195121951219512	0.7000078888862162	-0.293598233995585	-0.4404494382022472	3.0	392.5	2	False	False	False	True	True	False	False	False	False	False	False	False
MTAA	IT0003217335-MTAA	BO	BORGOSESIA	2026-09-11	3	1235.0	0.716	-0.0055555555555555	0.0028011204481792	0.0257879656160457	0.1418588134794886	-0.0324324324324324	-0.0847457627118642	4.0	1581.94	2	False	False	False	True	True	False	False	False	False	False	False	False
MTAA	IT0004552367-MTAA	KMER	KME GROUP RSP	2026-09-14	0	1086.0	1.47	0.05	0.0652173913043479	0.05	0.2622811796036664	-0.0636942675159236	-0.0636942675159236	5.0	3854.36	2	False	False	False	True	True	False	False	False	False	False	False	False
MTAA	IT0004724107-MTAA	RAT	RATTI	2026-09-11	3	1122.0	1.06	0.0095238095238094	-0.0701754385964911	-0.1908396946564885	0.294066322674193	-0.4391534391534391	-0.4708994708994708	5.0	1706.25	2	False	False	False	True	True	False	False	False	False	False	False	False
MTAA	IT0004818297-MTAA	EUK	EUKEDOS	2026-09-09	5	950.0	0.492	-0.2656716417910448	-0.088888888888889	-0.361038961038961	0.9315156701567916	-0.4072289156626506	-0.4216867469879518	1.5	244.73	2	False	False	False	True	True	False	False	False	False	False	False	False
MTAA	IT0005001554-MTAA	TB	TRIBOO	2026-09-14	0	1233.0	0.351	0.0	0.0636363636363634	-0.0513513513513513	0.3496282165511422	-0.2182628062360803	-0.3541202672605791	5.0	916.955	2	False	False	False	True	True	False	False	False	False	False	False	False
MTAA	IT0005395071-MTAA	ZUC	ZUCCHI	2026-09-14	0	1216.0	0.51	-0.1499999999999999	-0.1499999999999999	-0.1904761904761904	0.5402165914663459	-0.4642857142857143	-0.4642857142857143	4.0	1170.3200000000002	2	False	False	False	True	True	False	False	False	False	False	False	False
MTAA	IT0005481855-MTAA	MET	MET.EXTRA GROUP	2026-09-14	0	1071.0	2.38	-0.062992125984252	-0.0555555555555555	0.2934782608695652	0.3665382474132544	-0.15	-0.327433628318584	2.0	1739.5	2	False	False	False	True	True	False	False	False	False	False	False	False
MTAA	IT0005577868-MTAA	OPS	OPS ITALIA	2026-04-30	137	1164.0	0.1	0.6339869281045754	-0.3333333333333332	-0.3975903614457831	1.4857212290172903	-0.576271186440678	-0.7627118644067796	26.5	19949.355	2	True	True	False	False	False	False	False	False	False	False	False	False
MTAA	IT0005654683-MTAA	FDA	FIDIA	2026-09-14	0	1252.0	0.0088	0.0731707317073171	-0.1372549019607842	-0.6834532374100719	0.8267521340662881	-0.9683339330694496	-0.9877653832313782	74.5	55179.6975	2	False	False	False	False	False	False	False	False	False	False	True	True
MTAA	IT0005708174-MTAA	AEDES	AEDES	2026-09-14	0	1219.0	0.848	-0.0230414746543778	-0.0116550116550117	0.0216867469879518	0.2875601766945375	-0.3086017121891561	-0.5739910313901345	4.0	2262.755	2	False	False	False	True	True	False	False	False	False	False	False	False
MTAA	NL0015000K93-MTAA	ECMPM	EUROCOMMERCIAL PROPERTIES	2026-09-11	3	561.0	26.65	-0.0220183486238532	-0.0238095238095238	0.0269749518304431	0.3079103653406325	-0.0996621621621622	-0.132404181184669	1.0	2953.125	2	False	False	False	True	True	False	False	False	False	False	False	False
XAMS	CWN814651014-XAMS	MORE	MOREFIELD GROUP N.V.	2026-09-14	0	509.0	0.99	0.03125	0.0999999999999998	0.1927710843373493	0.3220540216472941	-0.0198019801980198	-0.0744680851063829	4.0	1374.0	2	False	False	False	True	True	False	False	False	False	False	False	False
XAMS	GB00B94QM994-XAMS	ECT	EUROCASTLE INVESTM	2026-09-14	0	509.0	13.5	0.0	0.0384615384615385	0.0975609756097559	0.5558534573366153	-0.0999999999999999	-0.2466666666666666	0.0	0.0	2	False	False	False	True	True	False	False	False	False	False	False	False
XAMS	GB00BMXH3352-XAMS	MTRK	MOTORK PLC	2026-09-14	0	509.0	2.2	-0.0222222222222221	-0.1199999999999998	-0.3015873015873015	0.4002629153334524	-0.53781512605042	-0.53781512605042	2.0	151.5	2	False	False	False	True	True	False	False	False	False	False	False	False
XAMS	LU0383812293-XAMS	REINA	REINET INVESTMENTS	2026-09-14	0	509.0	23.0	-0.1153846153846154	-0.0614160375433584	-0.2068965517241379	0.4726888547046895	-0.2767295597484277	-0.2918238993710692	3.0	4033.0	2	False	False	False	True	True	False	False	False	False	False	False	False
XAMS	NL0000285278-XAMS	BEVER	BEVER HOLDING Gewone aandelen	2026-09-14	0	509.0	2.8	-0.0344827586206897	0.1111111111111109	0.1199999999999998	0.2556263502330355	-0.0410958904109589	-0.2123287671232877	0.0	0.0	2	False	False	False	True	True	False	False	False	False	False	False	False
XAMS	NL0000336303-XAMS	PBH	PB HOLDING N.V.	2026-09-14	0	509.0	3.4	-0.0058479532163743	-0.0340909090909091	-0.0340909090909091	0.2124174269328789	-0.0710382513661203	-0.0710382513661203	0.0	0.0	2	False	False	False	True	True	False	False	False	False	False	False	False
XAMS	NL0000345577-XAMS	CTAC	CTAC	2026-09-14	0	509.0	2.79	-0.0106382978723403	-0.0699999999999999	-0.0379310344827585	0.3492193663173052	-0.1745562130177514	-0.2218934911242603	4.5	1053.0	2	False	False	False	True	True	False	False	False	False	False	False	False
XAMS	NL0000378669-XAMS	PORF	KONINKLIJKE PORCELEYNE FLES	2026-09-14	0	509.0	14.0	0.09375	0.1200000000000001	-0.0344827586206896	0.2775556178765326	-0.054054054054054	-0.1959459459459459	1.5	1015.0	2	False	False	False	True	True	False	False	False	False	False	False	False
XAMS	NL0009822014-XAMS	NSE	New Sources Energy N.V.	2026-09-14	0	509.0	0.0295	0.0925925925925925	0.3409090909090908	-0.2236842105263158	1.249492677357302	-0.3979591836734695	-0.5510204081632654	5.0	267.0	2	False	False	False	True	True	False	False	False	False	False	False	False
XAMS	NL0010545679-XAMS	LVIDE	LAVIDE HOLDING	2026-09-14	0	509.0	0.442	-0.1142284569138276	-0.2190812720848055	-0.0791666666666666	0.4388871049905759	-0.2984126984126984	-0.2984126984126984	4.5	814.0	2	False	False	False	True	True	False	False	False	False	False	False	False
XAMS	NL0010556726-XAMS	HWK	HAWICK DATA NV	2026-09-14	0	509.0	2.36	0.0442477876106195	0.0442477876106195	0.0727272727272725	0.1815736327687641	-0.1194029850746269	-0.2537313432835821	0.0	0.0	2	False	False	False	True	True	False	False	False	False	False	False	False
XAMS	NL0010661864-XAMS	VALUE	VALUE8	2026-09-14	0	509.0	6.75	0.0384615384615385	0.007462686567164	0.0384615384615385	0.1803386090207532	-0.0287769784172662	-0.0863309352517986	2.0	645.0	2	False	False	False	True	True	False	False	False	False	False	False	False
XAMS	NL0010696704-XAMS	AMUND	Almunda Professional N.V.	2026-09-14	0	509.0	1.02	-0.0727272727272727	-0.0973451327433627	-0.0555555555555555	0.5529042284280921	-0.1428571428571428	-0.2436974789915965	0.5	3.0	2	False	False	False	True	True	False	False	False	False	False	False	False
XAMS	NL0012194724-XAMS	ALX	ALUMEXX N.V.	2026-09-14	0	509.0	1.34	-0.056338028169014	-0.0428571428571427	-0.1066666666666665	0.1855748070970255	-0.1464968152866241	-0.1464968152866241	3.0	691.0	2	False	False	False	True	True	False	False	False	False	False	False	False
XAMS	NL0015000CG2-XAMS	NAI	NEW AMSTERDAM INVEST N.V. ORDINARY SHARES	2026-09-14	0	509.0	8.65	0.0176470588235293	-0.0388888888888888	-0.022598870056497	0.2221652328671863	-0.0797872340425531	-0.1223404255319149	1.0	392.5	2	False	False	False	True	True	False	False	False	False	False	False	False
XAMS	VGG885761301-XAMS	AGIL	Agility Capital Holding Inc.	2026-09-14	0	509.0	2.2	0.0185185185185186	-0.043478260869565	-0.1199999999999998	0.314635191322723	-0.2903225806451612	-0.3354838709677419	0.0	0.0	2	False	False	False	True	True	False	False	False	False	False	False	False
XBRU	BE0003463685-XBRU	CLEX	CUMULEX	2026-09-14	0	509.0	0.94	-0.0157068062827224	0.2702702702702702	0.261744966442953	0.9753141717327036	-0.0157068062827224	-0.1258278145695364	0.0	0.0	2	False	False	False	True	True	False	False	False	False	False	False	False
XBRU	BE0003731453-XBRU	MIKO	MIKO	2026-09-14	0	509.0	66.5	0.0152671755725191	0.0152671755725191	0.0657051282051282	0.2379832766353622	-0.036231884057971	-0.1014492753623188	5.0	5768.5	2	False	False	False	True	True	False	False	False	False	False	False	False
XBRU	BE0003741551-XBRU	ROU	ROULARTA	2026-09-14	0	509.0	12.3	0.0040816326530612	-0.0538461538461537	-0.075187969924812	0.3039458627194273	-0.1151079136690647	-0.1294964028776979	1.0	218.5	2	False	False	False	True	True	False	False	False	False	False	False	False
XBRU	BE0003752665-XBRU	FOU	FOUNTAIN	2026-09-14	0	509.0	1.3	0.0	-0.1034482758620689	-0.1823899371069182	0.3894890909061327	-0.2896174863387978	-0.3060109289617486	0.0	0.0	2	False	False	False	True	True	False	False	False	False	False	False	False
XBRU	BE0003798155-XBRU	SPA	SPADEL	2026-09-14	0	509.0	348.0	-0.0057142857142856	-0.0333333333333333	0.2794117647058822	0.4011573606010184	-0.2232142857142857	-0.2276785714285714	2.0	3042.0	2	False	False	False	True	True	False	False	False	False	False	False	False
XBRU	BE0003870871-XBRU	BANI	BANIMMO A	2026-09-14	0	509.0	2.96	-0.0263157894736841	0.0206896551724138	0.0422535211267605	0.1720118435212279	-0.069182389937107	-0.1592356687898088	4.0	2138.0	2	False	False	False	True	True	False	False	False	False	False	False	False
XBRU	BE0003893139-XBRU	IMMOU	IMMO MOURY (D)	2026-09-14	0	509.0	32.0	0.0062893081761006	-0.0243902439024389	-0.0697674418604651	0.1971773926160303	-0.2270531400966183	-0.2657004830917874	2.5	2395.0	2	False	False	False	True	True	False	False	False	False	False	False	False
XBRU	BE0974278104-XBRU	ABO	ABO GROUP ENVIRONMENT	2026-09-14	0	509.0	3.76	-0.0408163265306122	-0.1415525114155251	-0.171806167400881	0.3313180861581773	-0.3935483870967742	-0.4064516129032258	5.0	1690.0	2	False	False	False	True	True	False	False	False	False	False	False	False
XBRU	BE0974487192-XBRU	OXUR	OXURION	2026-09-14	0	509.0	0.0026	0.0	-0.3500000000000001	-0.5517241379310345	1.0521511586129195	-0.8869565217391304	-0.9043478260869564	9.0	402.0	2	False	False	False	False	True	False	False	False	False	False	False	True
XBRU	BE0974502347-XBRU	FLOB	FLORIDIENNE	2026-09-14	0	509.0	56.5	-0.0258620689655172	-0.0583333333333333	-0.0739223078183903	0.2064120689040674	-0.1439393939393939	-0.2307692307692307	4.0	8789.0	2	False	False	False	True	True	False	False	False	False	False	False	False
XBRU	GB00BYN5BY03-XBRU	HYSG	HYBRID SOFTWARE GROUP PLC	2026-09-14	0	509.0	3.92	-0.02	-0.02	0.0769230769230768	0.2918854899271481	-0.0754716981132076	-0.1666666666666667	3.0	2669.0	2	False	False	False	True	True	False	False	False	False	False	False	False
XBRU	IL0010830391-XBRU	PAY	PAYTON PLANAR MAGNETICS	2026-09-14	0	509.0	7.5	-0.0445859872611464	-0.1071428571428572	0.1363636363636364	0.3309279056134175	-0.25	-0.25	3.5	1289.0	2	False	False	False	True	True	False	False	False	False	False	False	False
XBRU	NL0000488153-XBRU	MOP	MOPOLI	2026-09-14	0	509.0	222.0	-0.0347826086956521	-0.0347826086956521	-0.0749999999999999	0.2438862107451747	-0.2550335570469798	-0.2953020134228188	0.0	0.0	2	False	False	False	True	True	False	False	False	False	False	False	False
XBRU	NL0000488161-XBRU	MOPF	MOPOLI FOND	2026-09-14	0	509.0	6900.0	-0.028169014084507	-0.0799999999999999	-0.1038961038961039	0.0906580301848103	-0.303030303030303	-0.303030303030303	0.0	0.0	2	False	False	False	True	True	False	False	False	False	False	False	False
XLIS	ES0105025003-XLIS	MRL	MERLIN PROPERTIES	2026-09-14	0	509.0	12.4	-0.1424619640387275	-0.2245153220762976	-0.1205673758865247	0.3575979828260376	-0.2249999999999999	-0.2249999999999999	2.0	4246.0	2	False	False	False	True	True	False	False	False	False	False	False	False
XLIS	PTESO0AM0000-XLIS	ESON	Estoril-Sol SGPS-Nominativas	2026-09-14	0	509.0	2.8	-0.1715976331360946	-0.0909090909090909	-0.1515151515151515	0.9004271917308211	-0.3636363636363637	-0.3636363636363637	0.0	0.0	2	False	False	False	True	True	False	False	False	False	False	False	False
XLIS	PTFCP0AM0008-XLIS	FCP	FUT.CLUBE PORTO	2026-09-14	0	509.0	2.72	-0.0354609929078012	-0.0933333333333332	0.0225563909774435	0.4906365129724938	-0.3492822966507176	-0.3732057416267942	4.0	354.5	2	False	False	False	True	True	False	False	False	False	False	False	False
XLIS	PTFXD0AM0018-XLIS	FLEXD	FLEXDEAL	2026-09-14	0	509.0	5.15	0.0	0.0198019801980198	0.0819327731092438	0.0805499278443682	0.0	-0.14	0.0	0.0	2	False	False	False	True	True	False	False	False	False	False	False	False
XLIS	PTGMC0AM0003-XLIS	MCP	Grupo Media Capital,SGPS	2026-09-14	0	509.0	1.9	0.0	0.021505376344086	0.0	0.0440729065202563	-0.0452261306532664	-0.0653266331658291	0.0	0.0	2	False	False	False	True	True	False	False	False	False	False	False	False
XLIS	PTSCP0AM0001-XLIS	SCP	Sporting Clube de Portugal	2026-09-14	0	509.0	0.975	0.0051546391752577	0.0209424083769633	-0.025	0.2433227521734165	-0.0441176470588235	-0.0637254901960785	2.0	108.5	2	False	False	False	True	True	False	False	False	False	False	False	False
XLIS	PTSCT0AP0018-XLIS	SCT	Toyota Caetano	2026-09-14	0	509.0	7.05	-0.0070422535211267	-0.06	0.014388489208633	0.5061739211628712	-0.11875	-0.1875	0.0	0.0	2	False	False	False	True	True	False	False	False	False	False	False	False
XLIS	PTVAA0AM0019-XLIS	VAF	VAA VISTA ALEGRE	2026-09-14	0	509.0	1.08	0.0093457943925234	0.0093457943925234	-0.0091743119266055	0.1200511231461388	-0.0357142857142857	-0.0535714285714286	2.0	129.5	2	False	False	False	True	True	False	False	False	False	False	False	False
XMSM	GB00BRJQ8J25-XMSM	HMSO	HAMMERSON PLC	2026-09-14	0	509.0	3.46	-0.0280898876404495	0.0297619047619048	0.2917677804741458	0.1357681029710342	-0.0280898876404495	-0.0295081967213114	0.0	0.0	2	False	False	False	True	True	False	False	False	False	False	False	False
XMSM	GB00BYYN4225-XMSM	HSW	HOSTELWORLD GROUP PLC	2026-09-14	0	509.0	1.39	-0.0071428571428571	0.1487603305785123	0.1583333333333332	0.5121783947458401	-0.1257861635220126	-0.3081761006289307	0.0	0.0	2	False	False	False	True	True	False	False	False	False	False	False	False
XMSM	IE00BDC5DG00-XMSM	KMR	KENMARE RESOURCES PLC	2026-09-14	0	509.0	2.04	-0.1499999999999999	-0.1774193548387096	-0.1639344262295081	0.5490921289385029	-0.4456521739130434	-0.4456521739130434	1.5	1204.5	2	False	False	False	True	True	False	False	False	False	False	False	False
XOSL	CY0101550917-XOSL	SDSD	S.D. STANDARD ETC PLC	2026-09-14	0	509.0	1.8	-0.0082644628099173	0.0055865921787709	-0.0476190476190475	0.2114450871781502	-0.0551181102362204	-0.0656167979002624	3.5	9434.5	2	False	False	False	True	True	False	False	False	False	False	False	False
XOSL	NO0004288200-XOSL	GYL	GYLDENDAL	2026-09-14	0	509.0	452.0	0.0272727272727273	-0.017391304347826	0.0272727272727273	0.3641597115358168	-0.0737704918032786	-0.180327868852459	1.0	1299.0	2	False	False	False	True	True	False	False	False	False	False	False	False
XOSL	NO0006000603-XOSL	SOGN	SOGN SPAREBANK	2026-09-14	0	509.0	316.05	-0.024537037037037	-0.0004743833017076	0.019516129032258	0.2398457796629158	-0.1682894736842105	-0.2051315789473684	2.5	8578.0	2	False	False	False	True	True	False	False	False	False	False	False	False
XOSL	NO0006001601-XOSL	AURG	AURSKOG SPAREBANK	2026-09-14	0	509.0	258.9	0.0152941176470586	0.0075890251021599	-0.0407558354946276	0.0988249525215467	-0.0437673130193906	-0.0729455216989842	4.5	225034.0	2	False	False	False	True	True	False	False	False	False	False	False	False
XOSL	NO0006001908-XOSL	MELG	MELHUS SPAREBANK	2026-09-14	0	509.0	184.02	-0.0026016260162601	0.0002174149364062	-0.0890099009900989	0.1864017308806138	-0.1023414634146341	-0.1356097560975609	3.0	23498.0	2	False	False	False	True	True	False	False	False	False	False	False	False
XOSL	NO0010012636-XOSL	HSPG	HØLAND OG SETSKOG SPAREBANK	2026-09-14	0	509.0	121.1	-0.1590277777777777	-0.1761904761904762	-0.1593780369290574	0.5450286856007467	-0.2876470588235295	-0.3058823529411765	1.0	3627.5	2	False	False	False	True	True	False	False	False	False	False	False	False
XOSL	NO0010691660-XOSL	SNOR	SPAREBANK 1 NORDMØRE	2026-09-14	0	509.0	182.52	0.0083977900552487	0.0106312292358805	-0.0134054054054053	0.1969868734694364	-0.1386503067484662	-0.1684756960830581	4.5	66860.0	2	False	False	False	True	True	False	False	False	False	False	False	False
XOSL	NO0010764053-XOSL	HGSB	HAUGESUND SPAREBANK	2026-09-14	0	509.0	160.0	-0.0062111801242236	0.0491803278688525	-0.0419161676646706	0.1623768835708759	-0.1360691144708422	-0.1781857451403887	2.0	10811.5	2	False	False	False	True	True	False	False	False	False	False	False	False
XOSL	NO0010788268-XOSL	TRSB	TRØNDELAG SPAREBANK	2026-09-14	0	442.0	110.0	0.0476190476190476	-0.009009009009009	-0.0350877192982456	0.2333146379103516	-0.0739181680417578	-0.1160127967671325	0.5	54.5	2	False	False	False	True	True	False	False	False	False	False	False	False
XOSL	NO0012706763-XOSL	BIEN	BIEN SPAREBANK ASA	2026-09-14	0	509.0	149.0	0.0205479452054795	-0.0858895705521471	0.0419580419580418	0.2197723350922801	-0.0969696969696969	-0.1515151515151515	0.5	1440.0	2	False	False	False	True	True	False	False	False	False	False	False	False
XOSL	NO0012916131-XOSL	TECH	TECHSTEP	2026-09-14	0	509.0	3.4	0.9428571428571428	-0.5728643216080402	-0.6977777777777778	3.3838601143943	-0.7481481481481482	-0.8911111111111111	79.5	559178.5	2	False	False	False	False	False	False	False	False	True	True	False	False
XOSL	NO0013355859-XOSL	LIFE	LIFECARE ASA	2026-09-14	0	509.0	0.2835	-0.1084905660377359	-0.1435045317220544	-0.2840909090909091	0.4325000292972094	-0.922553455462664	-0.9246023058472496	61.5	366986.0	2	False	False	False	False	False	False	False	False	False	False	True	True
XOSL	NO0013711713-XOSL	ONCIN	ONCOINVENT ASA	2026-09-14	0	509.0	141.5	0.5652654867256637	2.215909090909091	2.194130925507901	0.7422829129710051	0.0	-0.5188559069670184	88.0	1244026.0	2	False	False	False	False	False	False	True	True	False	False	False	False
XOSL	NO0013740142-XOSL	NEXT	NEXT BIOMETRICS GROUP	2026-09-14	0	509.0	0.245	-0.1694915254237288	-0.7365591397849462	-0.8976194901734769	1.3642689743103489	-0.9863112409240036	-0.9870934557283462	24.0	101604.5	2	False	False	False	False	False	False	False	False	False	False	True	True
XPAR	BE0974269012-XPAR	ALDV	ADC SIIC	2026-09-14	0	509.0	0.0562	-0.2575957727873184	0.1217564870259482	-0.2139860139860139	1.1628296379893588	-0.3349112426035503	-0.3372781065088758	0.0	0.0	2	False	False	False	True	True	False	False	False	False	False	False	False
XPAR	CH0008175645-XPAR	TVRB	TELEVERBIER	2026-09-14	0	509.0	73.0	0.0735294117647058	0.0579710144927536	0.0977443609022556	0.4451064014776562	-0.0519480519480519	-0.1168831168831169	0.0	0.0	2	False	False	False	True	True	False	False	False	False	False	False	False
XPAR	CI0000053161-XPAR	FORE	FORESTIERE EQUATORIALE	2026-09-14	0	509.0	880.0	0.0	0.1503267973856208	0.2941176470588236	0.2066910785043597	0.0	-0.0689655172413793	0.0	0.0	2	False	False	False	True	True	False	False	False	False	False	False	False
XPAR	FR0000030074-XPAR	MALT	MALTERIES FCO-BEL.	2026-09-14	0	509.0	835.0	-0.0059523809523809	-0.0176470588235294	-0.087431693989071	0.1702359424173261	-0.1479591836734693	-0.1632653061224489	0.5	437.5	2	False	False	False	True	True	False	False	False	False	False	False	False
XPAR	FR0000031973-XPAR	FSDV	FSDV	2026-09-14	0	509.0	18.1	-0.0163043478260868	-0.0216216216216215	-0.0054945054945053	0.126376420725031	-0.0372340425531914	-0.0909090909090909	1.0	19.0	2	False	False	False	True	True	False	False	False	False	False	False	False
XPAR	FR0000034894-XPAR	GAM	GAUMONT	2026-09-14	0	509.0	101.0	0.0	-0.0560747663551401	0.0	0.2735948748097431	-0.2348484848484848	-0.25	4.0	1726.5	2	False	False	False	True	True	False	False	False	False	False	False	False
XPAR	FR0000035719-XPAR	EEM	ELECTRICITE ET EAUX DE MADAGASCAR	2026-09-14	0	509.0	1.8	-0.0999999999999999	-0.0526315789473683	-0.25	0.4227727974425186	-0.430379746835443	-0.430379746835443	1.0	22.5	2	False	False	False	True	True	False	False	False	False	False	False	False
XPAR	FR0000037475-XPAR	CFI	CFI	2026-09-14	0	509.0	1.47	0.1759999999999999	0.3999999999999999	0.2457627118644068	0.5969536564264557	-0.5389031346211821	-0.6783783806673314	0.0	0.0	2	False	False	False	True	True	False	False	False	False	False	False	False
XPAR	FR0000038184-XPAR	FIPP	FIPP	2026-09-14	0	509.0	0.16	-0.0476190476190476	0.1188811188811189	0.1510791366906474	0.8651535542523046	-0.0532544378698225	-0.2444444444444445	0.0	0.0	2	False	False	False	True	True	False	False	False	False	False	False	False
XPAR	FR0000039216-XPAR	AREIT	ALTAREIT	2026-09-14	0	509.0	575.0	-0.0170940170940171	-0.0170940170940171	-0.0336134453781512	0.035032310310973	-0.0336134453781512	-0.0555555555555555	1.0	575.0	2	False	False	False	True	True	False	False	False	False	False	False	False
XPAR	FR0000050395-XPAR	CROS	CROSSWOOD	2026-09-14	0	509.0	9.75	0.0051546391752577	-0.025	-0.0887850467289719	0.4299141685161208	-0.1216216216216216	-0.2162162162162162	0.0	0.0	2	False	False	False	True	True	False	False	False	False	False	False	False
XPAR	FR0000053944-XPAR	SPEL	FONCIERE VOLTA	2026-09-14	0	509.0	8.2	0.1006711409395972	0.0123456790123457	-0.0734463276836158	0.3699282001869109	-0.1413612565445027	-0.2198952879581152	0.0	0.0	2	False	False	False	True	True	False	False	False	False	False	False	False
XPAR	FR0000060121-XPAR	SABE	SAINT JEAN GROUPE	2026-09-14	0	509.0	19.7	-0.0247524752475247	-0.0619047619047619	0.0207253886010361	0.2103393686791637	-0.1359649122807018	-0.1359649122807018	0.5	30.5	2	False	False	False	True	True	False	False	False	False	False	False	False
XPAR	FR0000060535-XPAR	ORIA	FIDUCIAL REAL EST.	2026-09-14	0	509.0	162.0	-0.0470588235294118	-0.0240963855421686	-0.0357142857142857	0.1698063268433125	-0.0742857142857142	-0.0804597701149425	1.0	168.0	2	False	False	False	True	True	False	False	False	False	False	False	False
XPAR	FR0000060824-XPAR	FINM	FINANCIERE MARJOS	2026-09-14	0	509.0	1.45	-0.1569767441860465	-0.1988950276243094	0.9463087248322146	1.0229769685434622	-0.2447916666666666	-0.3854166666666666	1.0	142.0	2	False	False	False	True	True	False	False	False	False	False	False	False
XPAR	FR0000061418-XPAR	SACI	FIDUCIAL OFF.SOL.	2026-09-14	0	509.0	39.0	0.0372340425531914	0.4552238805970148	0.4552238805970148	0.5745452914939186	-0.0394088669950739	-0.1330049261083743	0.0	0.0	2	False	False	False	True	True	False	False	False	False	False	False	False
XPAR	FR0000061475-XPAR	EFI	EURASIA FONC INV	2026-09-14	0	509.0	0.161	0.2105263157894736	0.2105263157894736	0.3305785123966942	0.2997850223567685	-0.2333333333333332	-0.4238095238095238	0.0	0.0	2	False	False	False	True	True	False	False	False	False	False	False	False
XPAR	FR0000061780-XPAR	AUGR	AUGROS COSMETIC	2026-09-14	0	509.0	4.88	-0.0200803212851407	-0.024	-0.0431372549019607	0.7176094982364544	-0.2434108527131783	-0.3333333333333333	2.0	466.5	2	False	False	False	True	True	False	False	False	False	False	False	False
XPAR	FR0000062101-XPAR	FCMC	FERM.CASINO MUNICIPAL CANNES	2026-09-14	0	509.0	2820.0	0.014388489208633	0.0071428571428571	0.4099999999999999	0.2468465155753393	-0.0472972972972972	-0.128	1.0	2850.0	2	False	False	False	True	True	False	False	False	False	False	False	False
XPAR	FR0000062150-XPAR	BLEE	BLEECKER	2026-09-14	0	509.0	98.5	-0.0963302752293577	-0.1283185840707964	-0.2423076923076923	0.5958740605472551	-0.286231884057971	-0.286231884057971	0.0	0.0	2	False	False	False	True	True	False	False	False	False	False	False	False
XPAR	FR0000062465-XPAR	AAA	ALAN ALLMAN ASSOCIATES	2026-09-14	0	509.0	1.67	0.1208053691275168	-0.1391752577319588	-0.379182156133829	0.6832623348202308	-0.6247191011235955	-0.6808988764044944	0.0	0.0	2	False	False	False	True	True	False	False	False	False	False	False	False
XPAR	FR0000062788-XPAR	BUI	BARBARA BUI	2026-09-14	0	509.0	3.0	-0.2105263157894736	-0.2105263157894736	-0.2105263157894736	0.798785697060682	-0.4	-0.496	0.0	0.0	2	False	False	False	True	True	False	False	False	False	False	False	False
XPAR	FR0000064602-XPAR	ACAN	ACANTHE DEV.	2026-09-14	0	509.0	0.21	0.0047846889952152	-0.0186915887850467	-0.1176470588235294	0.3832319666404365	-0.2526690391459075	-0.2669039145907474	4.5	2049.5	2	False	False	False	True	True	False	False	False	False	False	False	False
XPAR	FR0000065260-XPAR	DPAM	DOCK.PETR.AMBES AM	2026-09-14	0	509.0	850.0	-0.0116279069767442	-0.0860215053763441	-0.0957446808510638	0.254354965968553	-0.1370558375634517	-0.1675126903553299	1.0	860.0	2	False	False	False	True	True	False	False	False	False	False	False	False
XPAR	FR0000065393-XPAR	COUR	COURTOIS	2026-09-14	0	509.0	102.0	-0.0285714285714285	-0.1206896551724138	-0.1052631578947368	0.2428317482984538	-0.1570247933884297	-0.1735537190082644	0.0	0.0	2	False	False	False	True	True	False	False	False	False	False	False	False
XPAR	FR0000065930-XPAR	LEBL	FONCIERE 7 INVEST	2026-09-14	0	509.0	0.352	-0.1200000000000001	0.1354838709677419	0.2941176470588234	0.8870284388228001	-0.1200000000000001	-0.38	0.0	0.0	2	False	False	False	True	True	False	False	False	False	False	False	False
XPAR	FR0000074197-XPAR	FPG	UNION TECH.INFOR.	2026-09-14	0	509.0	0.114	-0.0379746835443036	-0.1058823529411764	-0.0214592274678111	0.5846472972660719	-0.1555555555555555	-0.2316666666666665	1.0	17.0	2	False	False	False	True	True	False	False	False	False	False	False	False
XPAR	FR0000076861-XPAR	EOS	ACTEOS	2026-09-14	0	509.0	0.85	0.0467980295566501	0.0119047619047618	-0.0116279069767442	0.3241874641170151	-0.2376681614349776	-0.3004484304932735	5.0	51.5	2	False	False	False	True	True	False	False	False	False	False	False	False
XPAR	FR0000076952-XPAR	ARTO	ARTOIS NOM.	2026-09-14	0	509.0	9100.0	-0.0808080808080807	0.0	0.064327485380117	0.2054852810853321	-0.0899999999999999	-0.0949999999999999	0.0	0.0	2	False	False	False	True	True	False	False	False	False	False	False	False
XPAR	FR0004010338-XPAR	GJAJ	GROUPE JAJ	2026-09-14	0	509.0	1.29	0.0	0.3163265306122449	0.0573770491803278	0.6600838500290007	-0.14	-0.4033333333333333	0.0	0.0	2	False	False	False	True	True	False	False	False	False	False	False	False
XPAR	FR0004165801-XPAR	HDP	HOTELS DE PARIS	2026-09-14	0	509.0	2.08	0.077720207253886	0.1620111731843576	0.077720207253886	0.8663017087922615	-0.063063063063063	-0.2567567567567569	2.0	45.5	2	False	False	False	True	True	False	False	False	False	False	False	False
XPAR	FR0004175842-XPAR	SELER	SELECTIRENTE	2026-09-14	0	509.0	85.5	-0.0115606936416184	0.0178571428571427	0.0555555555555555	0.0479832770976029	-0.0284090909090909	-0.0804597701149425	1.0	86.0	2	False	False	False	True	True	False	False	False	False	False	False	False
XPAR	FR0006239109-XPAR	CBSM	SCBSM	2026-09-14	0	509.0	9.55	-0.030456852791878	-0.0205128205128204	0.0552486187845304	0.2414527275793201	-0.0637254901960783	-0.1176470588235293	2.0	479.5	2	False	False	False	True	True	False	False	False	False	False	False	False
XPAR	FR0010214064-XPAR	GPE	GPE GROUP PIZZORNO	2026-09-14	0	509.0	62.3	0.0008032128514054	0.0113636363636362	0.014657980456026	0.0456601188746476	-0.0111111111111111	-0.1111111111111111	5.0	4726.0	2	False	False	False	True	True	False	False	False	False	False	False	False
XPAR	FR0010263202-XPAR	PAR	PAREF	2026-09-14	0	509.0	24.8	0.0	0.0081300813008129	-0.0981818181818181	0.1495301955421517	-0.3861386138613861	-0.4306930693069306	0.0	0.0	2	False	False	False	True	True	False	False	False	False	False	False	False
XPAR	FR0010309096-XPAR	VTR	VITURA	2026-09-14	0	509.0	4.34	-0.0565217391304347	0.1302083333333332	0.1302083333333332	0.4069566968764371	-0.2766666666666667	-0.4433333333333333	1.0	4.0	2	False	False	False	True	True	False	False	False	False	False	False	False
XPAR	FR0010588079-XPAR	FREY	FREY	2026-09-14	0	509.0	35.2	-0.0112359550561796	0.0057142857142857	0.1069182389937106	0.1367030494782018	-0.0382513661202185	-0.074829931972789	2.0	823.0	2	False	False	False	True	True	False	False	False	False	False	False	False
XPAR	FR0012185536-XPAR	ARTE	ARTEA	2026-09-14	0	509.0	6.4	0.2075471698113209	0.1851851851851851	-0.1578947368421052	0.4018593943178704	-0.372549019607843	-0.4950980392156862	1.0	6.0	2	False	False	False	True	True	False	False	False	False	False	False	False
XPAR	FR0012872141-XPAR	JBOG	JACQUES BOGART	2026-09-14	0	509.0	1.97	-0.0528846153846154	-0.1434782608695651	-0.364516129032258	0.6294245611261365	-0.5698689956331877	-0.6189956331877728	4.5	699.5	2	False	False	False	True	True	False	False	False	False	False	False	False
XPAR	FR0013482791-XPAR	NACON	NACON	2026-09-14	0	509.0	0.0718	-0.1442193087008343	-0.4915014164305948	-0.5484276729559748	1.2375517519395958	-0.9081841432225064	-0.9222506393861892	53.5	9527.5	2	False	False	False	False	False	False	False	False	False	False	True	True
XPAR	FR0014001PV6-XPAR	NR21	NR 21	2026-09-14	0	509.0	41.6	-0.014218009478673	-0.2150943396226414	-0.1510204081632652	0.4637658382970467	-0.2150943396226414	-0.2150943396226414	0.0	0.0	2	False	False	False	True	True	False	False	False	False	False	False	False
XPAR	FR001400SU99-XPAR	FMONC	MONCEY (FIN.) NOM.	2026-09-14	0	509.0	117.5	-0.0167364016736402	-0.1198501872659175	-0.0926640926640927	0.2608071970989035	-0.2394822006472492	-0.2588996763754045	4.0	3404.0	2	False	False	False	True	True	False	False	False	False	False	False	False
XPAR	FR001400SUB7-XPAR	CBDG	CAMBODGE NOM.	2026-09-14	0	509.0	103.0	-0.019047619047619	-0.0373831775700934	0.10752688172043	0.2077776362084623	-0.055045871559633	-0.0792079207920791	2.0	3742.0	2	False	False	False	True	True	False	False	False	False	False	False	False
XPAR	LU2999653251-XPAR	YOUNI	YOUNITED FINANCIAL	2026-09-14	0	509.0	6.4	-0.072463768115942	-0.044776119402985	0.0847457627118644	0.3964410528043022	-0.1949685534591194	-0.3836477987421383	2.0	19.0	2	False	False	False	True	True	False	False	False	False	False	False	False
XPAR	MA0000011488-XPAR	IAM	MAROC TELECOM	2026-09-14	0	509.0	9.22	0.0043572984749455	0.0176600441501104	0.0359550561797752	0.1283811433686119	-0.1982608695652173	-0.2452173913043478	5.0	2414.5	2	False	False	False	True	True	False	False	False	False	False	False	False
XPAR	SN0000033192-XPAR	FOAF	FINANCIERE OUEST AFRICAIN	2026-09-14	0	509.0	13.4	0.0	-0.1006711409395972	-0.3366336633663366	0.1941158678652273	-0.5533333333333333	-0.5533333333333333	0.0	0.0	2	False	False	False	True	True	False	False	False	False	False	False	False
MTAA	IT0000066180-MTAA	BRI	BRIOSCHI	2026-09-14	0	1245.0	0.0648	-0.0181818181818183	-0.058139534883721	-0.058139534883721	0.3361878681472697	-0.1755725190839695	-0.2290076335877863	9.5	6354.139999999999	1	False	False	False	False	True	False	False	False	False	False	False	False
MTAA	IT0001018362-MTAA	VLS	VALSOIA	2026-09-14	0	1263.0	10.55	0.0095693779904306	0.0292682926829268	0.0242718446601941	0.1351526731527075	-0.102127659574468	-0.1489361702127659	14.0	17009.625	1	False	False	False	False	True	False	False	False	False	False	False	False
MTAA	IT0001041000-MTAA	BDB	BCO DESIO BRIANZA	2026-09-14	0	1265.0	17.7	0.0207612456747403	0.4873949579831931	1.0557491289198606	0.4066878522866259	-0.0703781512605041	-0.1376050420168065	512.0	1742703.98	1	False	False	False	False	False	False	False	True	False	False	False	False
MTAA	IT0001077780-MTAA	IRC	IRCE	2026-09-14	0	1215.0	2.38	0.0530973451327434	0.0393013100436681	0.202020202020202	0.3172796592278473	-0.0205761316872429	-0.1746724890829695	15.5	17475.809999999998	1	False	False	False	False	True	False	False	False	False	False	False	False
MTAA	IT0001127874-MTAA	CSP	CSP INT IND CALZE	2026-09-14	0	1203.0	0.29	0.0104529616724737	-0.0333333333333333	-0.0301003344481605	0.3078417406858228	-0.1185410334346506	-0.142857142857143	6.0	3725.77	1	False	False	False	False	True	False	False	False	False	False	False	False
MTAA	IT0001382024-MTAA	AC5	ACINQUE	2026-09-14	0	1146.0	2.06	-0.0373831775700934	-0.0283018867924528	-0.0803571428571429	0.238191723953889	-0.1196581196581195	-0.1196581196581195	7.0	4758.4400000000005	1	False	False	False	False	True	False	False	False	False	False	False	False
MTAA	IT0001447785-MTAA	MTV	MONDO TV	2026-09-11	3	1268.0	0.0298	-0.096969696969697	-0.4016064257028112	-0.4542124542124542	0.4878475969675057	-0.5826330532212886	-0.592436974789916	16.5	6513.49	1	False	False	False	False	True	False	False	False	False	False	False	False
MTAA	IT0003023980-MTAA	CLI	CENTRALE DEL LATTE D'ITALIA	2026-09-14	0	1159.0	4.05	-0.0217391304347825	-0.0380047505938242	-0.0795454545454547	0.2393397140036236	-0.2956521739130435	-0.3182608695652174	10.5	8052.5	1	False	False	False	False	True	False	False	False	False	False	False	False
MTAA	IT0003025019-MTAA	CLF	CALEFFI	2026-09-14	0	1169.0	0.85	0.0290556900726393	0.121372031662269	-0.0229885057471264	0.295105697389715	-0.1127348643006262	-0.2129436325678496	9.0	4151.95	1	False	False	False	False	True	False	False	False	False	False	False	False
MTAA	IT0003056386-MTAA	PINF	PININFARINA SPA	2026-09-14	0	1247.0	0.82	-0.0307328605200946	0.0567010309278348	0.0512820512820511	0.2104587900346912	-0.0848214285714286	-0.2053571428571429	11.0	8145.93	1	False	False	False	False	True	False	False	False	False	False	False	False
MTAA	IT0003057624-MTAA	ITW	IT WAY	2026-09-14	0	1263.0	0.918	-0.0397489539748953	-0.1215311004784688	-0.1420560747663551	0.3687079555333115	-0.4077419354838709	-0.4258064516129032	6.5	2341.34	1	False	False	False	False	True	False	False	False	False	False	False	False
MTAA	IT0003404214-MTAA	ELC	ELICA	2026-09-14	0	1267.0	1.12	-0.0218340611353711	-0.074380165289256	-0.0857142857142857	0.2649979056531152	-0.3863013698630136	-0.3972602739726026	11.0	11755.66	1	False	False	False	False	True	False	False	False	False	False	False	False
MTAA	IT0003865588-MTAA	WBDR	WEBUILD RSP	2026-09-14	0	1069.0	8.68	-0.0180995475113122	-0.0585683297180044	-0.0312500000000001	0.3043857752836993	-0.3138339920948617	-0.3375494071146244	6.0	4861.42	1	False	False	False	False	True	False	False	False	False	False	False	False
MTAA	IT0004356751-MTAA	ENV	ENERVIT	2026-09-14	0	1182.0	5.08	0.0241935483870967	0.0325203252032519	0.2390243902439026	0.2649759987647599	-0.0451127819548872	-0.2653061224489796	13.0	14128.96	1	False	False	False	False	True	False	False	False	False	False	False	False
MTAA	IT0004412497-MTAA	B	BASTOGI SPA	2026-09-14	0	1206.0	1.105	-0.0349344978165939	0.0375586854460094	0.0833333333333332	0.3615051810052566	-0.1564885496183207	-0.2534351145038168	8.0	5212.78	1	False	False	False	False	True	False	False	False	False	False	False	False
MTAA	IT0004552359-MTAA	KME	KME GROUP	2026-09-14	0	1257.0	0.93	0.0449438202247192	0.0219780219780219	0.0966981132075472	0.278242330726977	-0.088235294117647	-0.1127450980392157	15.5	14644.03	1	False	False	False	False	True	False	False	False	False	False	False	False
MTAA	IT0004585243-MTAA	TES	TESMEC	2026-09-14	0	1270.0	0.45	0.1235955056179773	0.3452914798206277	2.3136966126656846	0.7159877200852917	-0.0099009900990099	-0.4004938271604938	762.0	2845884.463	1	False	False	False	False	False	False	False	True	False	False	False	False
MTAA	IT0005013013-MTAA	ZEST	ZEST	2026-09-14	0	1230.0	0.1285	0.0362903225806452	0.1030042918454934	0.0362903225806452	0.3359575286811923	-0.2266850352541354	-0.3139462569569761	12.0	7096.75	1	False	False	False	False	True	False	False	False	False	False	False	False
MTAA	IT0005108219-MTAA	IGV	I GRANDI VIAGGI	2026-09-14	0	1254.0	1.834	-0.0129171151776102	-0.1625570776255707	-0.2026086956521737	0.2489959101159946	-0.3496453900709219	-0.3617021276595744	13.5	13559.64	1	False	False	False	False	True	False	False	False	False	False	False	False
MTAA	IT0005117848-MTAA	CLE	CLASS EDITORI	2026-09-14	0	1257.0	0.1365	-0.0838926174496643	-0.0179856115107913	-0.025	0.3070044203492268	-0.1468749999999999	-0.1781249999999999	8.5	3167.235	1	False	False	False	False	True	False	False	False	False	False	False	False
MTAA	IT0005245508-MTAA	INDB	INDEL B	2026-09-14	0	1148.0	18.6	-0.0629722921914357	-0.043701799485861	-0.0606060606060605	0.1426386991667434	-0.1014492753623187	-0.1014492753623187	5.5	5526.549999999999	1	False	False	False	False	True	False	False	False	False	False	False	False
MTAA	IT0005262149-MTAA	SIT	SIT	2026-09-14	0	1253.0	2.5	-0.0196078431372548	0.1363636363636362	-0.0740740740740741	0.3552590468403456	-0.1525423728813559	-0.2949152542372881	8.5	9603.3	1	False	False	False	False	True	False	False	False	False	False	False	False
MTAA	IT0005339160-MTAA	PLC	PLC	2026-09-14	0	1252.0	3.05	-0.006514657980456	-0.0192926045016077	0.4186046511627908	0.078204480754806	-0.1888297872340425	-0.2016460905349795	15.0	91774.435	1	False	False	False	False	True	False	False	False	False	False	False	False
MTAA	IT0005445280-MTAA	ABT	ABITARE IN	2026-09-14	0	1258.0	2.77	-0.0107142857142856	-0.0142348754448399	0.0072727272727273	0.1943650757255355	-0.0991869918699187	-0.1609756097560976	9.5	6317.96	1	False	False	False	False	True	False	False	False	False	False	False	False
MTAA	IT0005619843-MTAA	LNDR	LANDI RENZO	2026-09-14	0	1269.0	0.68	-0.0116279069767439	-0.0340909090909089	-0.1604938271604938	0.4419761656031762	-0.4127806563039723	-0.4818652849740932	10.0	5457.965	1	False	False	False	False	True	False	False	False	False	False	False	False
MTAA	IT0005634610-MTAA	OLI	OLIDATA	2026-09-14	0	873.0	1.49	-0.0497448979591836	-0.1722222222222222	-0.1183431952662721	0.4562546290158863	-0.4772846868970356	-0.543939659708823	19.5	23247.685	1	False	False	False	False	True	False	False	False	False	False	False	False
MTAA	IT0005707341-MTAA	KK	KRUSO KAPITAL	2026-09-14	0	285.0	0.0184	0.0109890109890109	-0.0416666666666666	0.1062578723173999	0.302776446948138	-0.1441860465116278	-0.2600000196000032	17.0	50418.84	1	False	False	False	False	True	False	False	False	False	False	False	False
XAMS	CZ0009008942-XAMS	COLT	COLT CZ GROUP	2026-09-14	0	109.0	39.6	0.056	-0.0571428571428571		0.6348278176784617			11.0	9828.0	1	False	False	False	False	True	False	False	False	False	False	False	False
XAMS	GG00B1GHHH78-XAMS	VTA	Volta Finance Limited	2026-09-14	0	509.0	6.06	0.0167785234899329	-0.0065573770491803	0.0306122448979591	0.1128921685740776	-0.1367521367521367	-0.2108262108262107	18.0	49060.5	1	False	False	False	False	True	False	False	False	False	False	False	False
XAMS	GG00B1RMC548-XAMS	TFG	TETRAGON FINANCIAL GROUP	2026-09-14	0	509.0	14.0	0.0566037735849056	0.1067193675889328	-0.0070921985815602	0.147896444735107	-0.2783505154639174	-0.3865979381443298	10.5	51412.5	1	False	False	False	False	True	False	False	False	False	False	False	False
XAMS	NL0000440311-XAMS	HOLCO	Holland Colours	2026-09-14	0	509.0	80.0	0.0256410256410255	-0.0588235294117647	-0.1443850267379679	0.3279046460219271	-0.2380952380952381	-0.2809523809523809	7.0	10741.0	1	False	False	False	False	True	False	False	False	False	False	False	False
XAMS	NL0009169515-XAMS	EARTH	GREEN EARTH GROUP N.V.	2026-09-14	0	509.0	0.986	-0.0870370370370371	-0.1426086956521738	-0.2080321285140562	0.4671624193685959	-0.3818181818181818	-0.3918495297805643	16.0	8701.0	1	False	False	False	False	True	False	False	False	False	False	False	False
XAMS	NL0009312842-XAMS	NEDSE	MKB Nedsense N.V.	2026-09-14	0	509.0	0.081	0.0253164556962024	0.0602094240837698	-0.1336898395721925	0.555569144508924	-0.6383928571428572	-0.6741071428571429	6.5	1387.0	1	False	False	False	False	True	False	False	False	False	False	False	False
XAMS	NL0009391242-XAMS	HYDRA	HYDRATEC Gewone aandelen	2026-09-14	0	509.0	276.0	0.0222222222222221	0.2777777777777777	0.2777777777777777	0.2949217570831004	-0.0142857142857142	-0.1005291005291005	10.0	30080.0	1	False	False	False	False	True	False	False	False	False	False	False	False
XAMS	NL0010389508-XAMS	ERC	ER Capital N.V.	2026-09-14	0	509.0	2.22	-0.0431034482758618	0.1384615384615386	-0.0347826086956519	0.8156407005832297	-0.4585365853658535	-0.5853658536585366	5.5	636.0	1	False	False	False	False	True	False	False	False	False	False	False	False
XAMS	NL00150000S7-XAMS	CABKA	CABKA N.V.	2026-09-14	0	509.0	2.0	0.0204081632653061	-0.0099009900990099	0.2269938650306748	0.4187133840986941	-0.0476190476190476	-0.2904040404040403	6.0	1769.5	1	False	False	False	False	True	False	False	False	False	False	False	False
XAMS	NL0015000RT3-XAMS	NRP	NEPI ROCKCASTLE N.V.	2026-09-14	0	509.0	7.75	-0.0467404674046741	0.0064935064935065	0.0704419889502763	0.2333159783080113	-0.0571776155717762	-0.1946472019464721	17.5	26629.0	1	False	False	False	False	True	False	False	False	False	False	False	False
XAMS	SGXPZ11CH7U7-XAMS	SWICH	SWI CAPITAL HOLDING	2026-09-14	0	146.0	11.5	0.4375	0.796875	1.2593320235756384	0.694548043775977			22.0	44046.5	1	False	False	False	False	False	False	False	True	False	False	False	False
XBRU	BE0003008019-XBRU	BNB	BQUE NAT. BELGIQUE	2026-09-14	0	509.0	370.0	-0.0237467018469657	-0.0133333333333333	-0.0997566909975669	0.2706017446286992	-0.175946547884187	-0.220489977728285	10.5	10554.5	1	False	False	False	False	True	False	False	False	False	False	False	False
XBRU	BE0003545531-XBRU	SOLV	SOLVAC NOM(RETAIL)	2026-09-14	0	509.0	84.0	-0.0117647058823529	0.0909090909090908	0.2574850299401199	0.2653903224464203	-0.0666666666666666	-0.2888888888888888	14.0	105518.5	1	False	False	False	False	True	False	False	False	False	False	False	False
XBRU	BE0003602134-XBRU	MOUR	MOURY CONSTRUCT	2026-09-14	0	509.0	734.0	-0.0081081081081081	-0.0685279187817259	0.0955223880597015	0.2011344282835094	-0.0825	-0.129746835443038	7.0	25148.0	1	False	False	False	False	True	False	False	False	False	False	False	False
XBRU	BE0003696102-XBRU	ACCB	ACCENTIS	2026-09-14	0	509.0	0.026	-0.0188679245283018	0.0	-0.0188679245283018	0.3877979205715412	-0.087719298245614	-0.1228070175438595	7.0	1656.5	1	False	False	False	False	True	False	False	False	False	False	False	False
XBRU	BE0003730448-XBRU	QFG	QUESTFOR GR-PRICAF	2026-09-14	0	509.0	2.901	-0.0482283464566929	-0.0245460659045058	-0.3206088992974238	0.1831226211866405	-0.3579017264276228	-0.3824701195219123	11.0	9754.5	1	False	False	False	False	True	False	False	False	False	False	False	False
XBRU	BE0003734481-XBRU	WEB	WAREHOUSES ESTATES BELGIUM - W.E.B.	2026-09-14	0	509.0	37.2	-0.0362694300518133	-0.0882352941176469	-0.0653266331658289	0.1736622440728775	-0.1506849315068491	-0.1506849315068491	11.0	15674.5	1	False	False	False	False	True	False	False	False	False	False	False	False
XBRU	BE0003735496-XBRU	OBEL	ORANGE BELGIUM	2026-09-14	0	509.0	22.0	-0.0045248868778281	0.0232558139534884	0.1083123425692693	0.0884796884112009	-0.009009009009009	-0.0386597938144329	10.5	10563.5	1	False	False	False	False	True	False	False	False	False	False	False	False
XBRU	BE0003808251-XBRU	EXM	EXMAR ord.	2026-09-14	0	509.0	11.75	0.0307017543859648	0.0444444444444445	0.175	0.290925284897191	-0.0208333333333333	-0.1116071428571429	17.5	16079.5	1	False	False	False	False	True	False	False	False	False	False	False	False
XBRU	BE0974263924-XBRU	TEXF	TEXAF	2026-09-14	0	509.0	37.0	-0.1062801932367148	-0.097560975609756	-0.0703517587939698	0.1915796457629474	-0.1741071428571428	-0.1741071428571428	7.0	7767.5	1	False	False	False	False	True	False	False	False	False	False	False	False
XBRU	BE0974272040-XBRU	QRF	QRF	2026-09-14	0	509.0	10.0	-0.0338164251207728	-0.0922160522164589	-0.0922160522164589	0.1922897084788784	-0.1345280135539837	-0.1345280135539837	15.0	34235.0	1	False	False	False	False	True	False	False	False	False	False	False	False
XBRU	BE0974294267-XBRU	NYR	NYRSTAR	2026-09-14	0	509.0	0.0562	-0.0726072607260726	-0.1353846153846154	-0.3891304347826086	0.5865690063345744	-0.5026548672566371	-0.5132743362831859	9.5	1878.0	1	False	False	False	False	True	False	False	False	False	False	False	False
XBRU	BE0974314461-XBRU	BELYS	BELYSSE GROUP NV	2026-09-14	0	509.0	0.469	0.0195652173913043	-0.1625000000000001	-0.2671875	0.5521191501476763	-0.5356435643564357	-0.5821782178217823	9.0	2561.5	1	False	False	False	False	True	False	False	False	False	False	False	False
XBRU	BE0974363955-XBRU	HYL	HYLORIS	2026-09-14	0	509.0	4.2	-0.0687361419068735	-0.0869565217391303	-0.2953020134228188	0.3407971884902861	-0.4814814814814814	-0.4814814814814814	10.0	4913.5	1	False	False	False	False	True	False	False	False	False	False	False	False
XBRU	BE0974371032-XBRU	BANQ	BANQUP GROUP	2026-09-14	0	509.0	2.25	0.0227272727272727	0.1968085106382979	-0.3478260869565217	0.7020152090732328	-0.4552058111380145	-0.6355932203389831	16.5	10771.0	1	False	False	False	False	True	False	False	False	False	False	False	False
XBRU	BE0974374069-XBRU	INCLU	INCLUSIO SA/NV	2026-09-14	0	509.0	16.35	-0.0521739130434781	-0.0382352941176469	-0.0788732394366196	0.1373738192791472	-0.1394736842105262	-0.1473684210526316	12.5	10737.0	1	False	False	False	False	True	False	False	False	False	False	False	False
XBRU	BE0974380124-XBRU	EKOP	EKOPAK NV	2026-09-14	0	509.0	3.83	-0.0771084337349398	-0.0424999999999999	-0.2933579335793358	0.499674203248897	-0.4196969696969697	-0.4787878787878787	20.0	12489.5	1	False	False	False	False	True	False	False	False	False	False	False	False
XBRU	BE0974496284-XBRU	OPTI	OPTION	2026-09-14	0	509.0	3.75	-0.0625	-0.4140625	-0.4047619047619047	0.5386983400064709	-0.7321428571428572	-0.7392857142857143	7.0	2808.5	1	False	False	False	False	True	False	False	False	False	False	False	False
XLIS	PTFRV0AE0004-XLIS	RAM	RAMADA INVESTIMENTOS E INDUSTRIA S.A.	2026-09-14	0	509.0	6.88	0.0117647058823529	0.0207715133531156	-0.0702702702702703	0.189798631396406	-0.1464019851116625	-0.1885856079404466	12.0	3088.5	1	False	False	False	False	True	False	False	False	False	False	False	False
XLIS	PTIPR0AM0000-XLIS	IPR	Impresa, SGPS - Nom.	2026-09-14	0	509.0	0.201	-0.056338028169014	0.1043956043956044	0.0806451612903227	0.7107386578115864	-0.2690909090909091	-0.3781818181818182	14.0	12520.0	1	False	False	False	False	True	False	False	False	False	False	False	False
XLIS	PTMFR0AM0003-XLIS	MAR	Martifer, SGPS, SA	2026-09-14	0	509.0	2.33	-0.0042735042735041	-0.0085106382978723	-0.0528455284552845	0.2224183649384908	-0.1106870229007633	-0.133587786259542	13.5	10069.5	1	False	False	False	False	True	False	False	False	False	False	False	False
XLIS	PTNBA0AM0006-XLIS	NBA	Novabase, SGPS - Nom.	2026-09-14	0	509.0	7.04	-0.0112359550561798	-0.1775700934579439	-0.2177777777777777	0.2804072183813856	-0.2589473684210526	-0.2589473684210526	8.0	5881.5	1	False	False	False	False	True	False	False	False	False	False	False	False
XLIS	PTPAD0AM0007-XLIS	GLINT	GLINTT GLOBAL, SA	2026-09-14	0	509.0	1.195	0.0127118644067798	-0.0515873015873015	-0.06640625	0.2161353318584504	-0.3540540540540541	-0.3756756756756757	10.5	8085.0	1	False	False	False	False	True	False	False	False	False	False	False	False
XLIS	PTSLB0AM0010-XLIS	SLBEN	Benfica SAD	2026-09-14	0	509.0	6.68	-0.0089020771513353	-0.0029850746268657	-0.0029850746268657	0.2554158968885726	-0.1813725490196078	-0.232843137254902	20.0	14938.0	1	False	False	False	False	True	False	False	False	False	False	False	False
XLIS	PTSNC0AM0006-XLIS	SNC	SONAECOM,SGPS	2026-09-14	0	509.0	2.94	-0.0067567567567567	0.0279720279720279	-0.02	0.1809994623272984	-0.069620253164557	-0.1139240506329114	14.0	3055.0	1	False	False	False	False	True	False	False	False	False	False	False	False
XOSL	CY0102630916-XOSL	PSE	PETROLIA	2026-09-14	0	509.0	6.35	0.0325203252032519	0.0854700854700853	0.1219081272084805	0.2931470742261157	-0.0522388059701492	-0.1411764705882352	14.0	163991.5	1	False	False	False	False	True	False	False	False	False	False	False	False
XOSL	NO0003025009-XOSL	VVL	VOSS VEKSEL- OG LANDMANDSBANK	2026-09-14	0	509.0	424.0	-0.0093457943925233	-0.0901287553648069	0.0095238095238094	0.2409787239049397	-0.1766990291262136	-0.1922330097087379	7.0	31432.0	1	False	False	False	False	True	False	False	False	False	False	False	False
XOSL	NO0006001809-XOSL	SKUE	SKUE SPAREBANK	2026-09-14	0	509.0	329.95	-0.0061746987951807	0.0119613556203035	-0.0613086770981508	0.162858276750698	-0.0934194257452947	-0.1070201950817419	11.0	231454.0	1	False	False	False	False	True	False	False	False	False	False	False	False
XOSL	NO0006390400-XOSL	RING	SPAREBANK 1 RINGERIKE HADELAND	2026-09-14	0	509.0	439.15	-0.0131460674157304	0.0236596736596736	-0.0543976002391838	0.1531277239057155	-0.0582970016961376	-0.1090115090623822	9.0	166716.5	1	False	False	False	False	True	False	False	False	False	False	False	False
XOSL	NO0010001118-XOSL	ITERA	ITERA	2026-09-14	0	509.0	6.0	-0.0566037735849057	-0.0769230769230768	-0.21875	0.4188353149454835	-0.3023255813953488	-0.3209302325581395	8.5	90584.5	1	False	False	False	False	True	False	False	False	False	False	False	False
XOSL	NO0010029804-XOSL	HELG	SPAREBANK 1 HELGELAND	2026-09-14	0	509.0	171.0	0.0950307377049179	0.1005277384476766	0.0058823529411764	0.3799998673229227	-0.0756756756756756	-0.1811891891891892	16.0	447116.5	1	False	False	False	False	True	False	False	False	False	False	False	False
XOSL	NO0010098247-XOSL	STRO	STRONGPOINT	2026-09-14	0	509.0	9.56	-0.0627450980392155	-0.0981132075471697	-0.0439999999999999	0.2471128403791421	-0.1348416289592759	-0.1541284403669724	14.5	135890.0	1	False	False	False	False	True	False	False	False	False	False	False	False
XOSL	NO0010263023-XOSL	EIOF	EIDESVIK OFFSHORE	2026-09-14	0	509.0	17.15	0.0088235294117646	0.1433333333333333	0.1282894736842104	0.3190476849564095	-0.0418994413407821	-0.1807909604519774	16.0	181540.0	1	False	False	False	False	True	False	False	False	False	False	False	False
XOSL	NO0010285562-XOSL	SOAG	SPAREBANK 1 ØSTFOLD AKERSHUS	2026-09-14	0	509.0	442.0	-0.0089686098654708	0.0021539507992289	-0.0285714285714285	0.227057083289668	-0.0694736842105263	-0.1052631578947368	8.0	313329.0	1	False	False	False	False	True	False	False	False	False	False	False	False
XOSL	NO0010358484-XOSL	VOIM	VOIM ASA	2026-09-14	0	509.0	0.342	-0.5014577259475219	0.838709677419355	0.1554054054054054	2.6569873621646347	-0.7548387096774194	-0.8996415770609318	91.0	511121.5	1	False	False	False	False	False	False	False	False	True	False	False	False
XOSL	NO0010359433-XOSL	JAREN	JÆREN SPAREBANK	2026-09-14	0	509.0	334.95	-0.0119469026548673	-0.0063779293978049	-0.0604488078541375	0.1312043289377722	-0.1407131862493587	-0.1659825551564905	5.5	98549.0	1	False	False	False	False	True	False	False	False	False	False	False	False
XOSL	NO0010466022-XOSL	POL	POLARIS MEDIA	2026-09-14	0	509.0	62.4	0.0263157894736842	0.04	-0.0173228346456693	0.3612945797746246	-0.0173228346456693	-0.1999999999999999	8.5	71547.5	1	False	False	False	False	True	False	False	False	False	False	False	False
XOSL	NO0010572589-XOSL	SAGA	SAGA PURE	2026-09-14	0	509.0	1.55	0.009771986970684	-0.0064102564102563	0.0333333333333334	0.1739271072083247	-0.0855457227138642	-0.1563421828908555	11.0	52625.0	1	False	False	False	False	True	False	False	False	False	False	False	False
XOSL	NO0010598683-XOSL	HBC	HOFSETH BIOCARE	2026-09-14	0	509.0	1.3	-0.0225563909774436	0.1403508771929826	-0.037037037037037	0.6282967827825252	-0.375	-0.4639423076923077	11.0	37478.0	1	False	False	False	False	True	False	False	False	False	False	False	False
XOSL	NO0010609662-XOSL	WSTEP	WEBSTEP	2026-09-14	0	509.0	13.0	-0.1612903225806451	-0.0714285714285714	-0.2613636363636364	0.4968207512875959	-0.4196428571428571	-0.4330357142857143	19.5	212212.0	1	False	False	False	False	True	False	False	False	False	False	False	False
XOSL	NO0010708605-XOSL	EQVA	EQVA ASA	2026-09-14	0	509.0	2.93	-0.057877813504823	-0.0424836601307189	-0.0393442622950818	0.3631659231792762	-0.3983572895277207	-0.4250513347022587	14.0	127742.0	1	False	False	False	False	True	False	False	False	False	False	False	False
XOSL	NO0010708910-XOSL	ZAL	ZALARIS	2026-09-14	0	509.0	100.0	0.0309278350515462	-0.0147783251231526	0.0204081632653061	0.4670033804784996	-0.099099099099099	-0.2436440677966102	8.5	74723.0	1	False	False	False	False	True	False	False	False	False	False	False	False
XOSL	NO0010734122-XOSL	VISTN	VISTIN PHARMA	2026-09-14	0	509.0	19.0	-0.0594059405940593	-0.0686274509803921	-0.1363636363636363	0.1988095447064732	-0.1983122362869198	-0.1983122362869198	17.0	185955.5	1	False	False	False	False	True	False	False	False	False	False	False	False
XOSL	NO0010748866-XOSL	GENT	GENTIAN DIAGNOSTICS ASA	2026-09-14	0	509.0	38.5	-0.0077319587628865	0.0968660968660968	-0.0253164556962025	0.4917499198115959	-0.347457627118644	-0.4135593220338983	8.5	67984.5	1	False	False	False	False	True	False	False	False	False	False	False	False
XOSL	NO0010923121-XOSL	CAPSL	CAPSOL TECHNOLOGIES ASA	2026-09-14	0	509.0	5.38	0.0267175572519082	0.2658823529411764	0.1695652173913044	0.5282352475967369	-0.3291770573566084	-0.4962593516209476	10.0	69225.0	1	False	False	False	False	True	False	False	False	False	False	False	False
XOSL	NO0012535832-XOSL	PLT	POLIGHT	2026-09-14	0	509.0	14.0	0.1475409836065575	0.502145922746781	1.376910016977929	0.715370122553839	-0.0331491712707182	-0.393867924528302	386.0	8489253.5	1	False	False	False	False	False	False	False	True	False	False	False	False
XOSL	NO0013033795-XOSL	CRNA	CIRCIO HOLDING ASA	2026-09-14	0	509.0	13.4	0.5056179775280898	0.7631578947368423	1.5283018867924532	0.726205883708437	-0.0694444444444444	-0.59375	2755.5	128691289.5	1	False	False	False	False	False	False	False	True	False	False	False	False
XOSL	NO0013119255-XOSL	IOX	INTEROIL EXPLORATION AND PRODUCTION	2026-09-14	0	509.0	3.93	0.3886925795053004	0.965	-0.3270547945205478	1.97817915559624	-0.4304347826086956	-0.731159420289855	46.0	303979.0	1	False	False	False	False	False	False	False	False	True	False	False	False
XOSL	NO0013162693-XOSL	NOM	NORDIC MINING	2026-09-14	0	509.0	1.968	-0.2751381215469612	-0.7716937354988399	-0.8258407079646017	1.4203724866751188	-0.8923413566739606	-0.902078774617068	197.0	1439658.0	1	False	False	False	False	False	False	False	False	False	False	False	True
XOSL	NO0013256180-XOSL	BOR	BORGESTAD	2026-09-14	0	509.0	17.75	0.0790273556231002	0.0990712074303405	0.056547619047619	0.2974454573955592	-0.0897435897435897	-0.2051282051282051	9.5	157795.5	1	False	False	False	False	True	False	False	False	False	False	False	False
XOSL	NO0013401380-XOSL	HERMA	HERMANA HOLDING ASA	2026-09-14	0	509.0	15.0	0.006711409395973	-0.0566037735849056	-0.1428571428571429	0.324771862114343	-0.1712707182320443	-0.2596685082872928	8.0	42688.0	1	False	False	False	False	True	False	False	False	False	False	False	False
XOSL	NO0013461350-XOSL	IWS	INTEGRATED WIND SOLUTIONS ASA	2026-09-14	0	509.0	56.6	0.0216606498194946	-0.0374149659863944	-0.0721311475409836	0.1907419555680975	-0.1238390092879255	-0.1671826625386996	15.0	190389.5	1	False	False	False	False	True	False	False	False	False	False	False	False
XOSL	NO0013711721-XOSL	BINT	BEVEST ASA	2026-09-14	0	509.0	21.7	-0.0726495726495726	-0.1106557377049179	-0.125	0.5439133578124716	-0.6111111111111112	-0.6326164874551972	9.5	70790.5	1	False	False	False	False	True	False	False	False	False	False	False	False
XPAR	FR0000033243-XPAR	IMDA	IMMOB.DASSAULT	2026-09-14	0	509.0	44.0	-0.081419624217119	-0.1075050709939147	-0.1338582677165354	0.1299641474065523	-0.2142857142857143	-0.2142857142857143	20.0	22733.0	1	False	False	False	False	True	False	False	False	False	False	False	False
XPAR	FR0000035784-XPAR	EGR	TRANSITION EVERGREEN	2026-09-14	0	509.0	0.063	-0.0869565217391304	-0.2222222222222222	-0.4298642533936652	1.3461077422946397	-0.8090909090909091	-0.8690909090909091	10.5	2108.0	1	False	False	False	False	True	False	False	False	False	False	False	False
XPAR	FR0000036675-XPAR	CEN	GROUPE CRIT	2026-09-14	0	509.0	50.2	-0.0419847328244273	-0.0872727272727271	-0.1797385620915033	0.1847230153923379	-0.255192878338279	-0.2596439169139467	19.5	20981.5	1	False	False	False	False	True	False	False	False	False	False	False	False
XPAR	FR0000039232-XPAR	AURE	AUREA	2026-09-14	0	509.0	6.0	0.0344827586206897	0.0416666666666667	0.0380622837370241	0.3772894148608193	-0.0536277602523659	-0.1482649842271293	7.0	664.5	1	False	False	False	False	True	False	False	False	False	False	False	False
XPAR	FR0000044471-XPAR	GDS	RAMSAY GENERALE DE SANTE	2026-09-14	0	509.0	10.7	0.0094339622641508	-0.0403587443946189	0.0239234449760765	0.1834382538463479	-0.0695652173913043	-0.1456310679611649	7.0	1111.0	1	False	False	False	False	True	False	False	False	False	False	False	False
XPAR	FR0000051393-XPAR	IDIP	IDI	2026-09-14	0	509.0	70.2	-0.0140449438202246	-0.0056657223796032	0.0293255131964809	0.1090172294325209	-0.0930232558139535	-0.1472868217054264	19.0	20819.0	1	False	False	False	False	True	False	False	False	False	False	False	False
XPAR	FR0000052680-XPAR	SBT	OENEO	2026-09-14	0	509.0	9.1	-0.0172786177105831	-0.0043763676148798	-0.0151515151515152	0.1533559974879919	-0.0441176470588234	-0.1323529411764705	17.5	4662.0	1	False	False	False	False	True	False	False	False	False	False	False	False
XPAR	FR0000053035-XPAR	GEA	GEA GRENOBL.ELECT.	2026-09-14	0	509.0	72.5	-0.0397350993377483	-0.2408376963350785	-0.1944444444444444	0.2724640661041268	-0.2602040816326531	-0.2704081632653061	6.5	2709.0	1	False	False	False	False	True	False	False	False	False	False	False	False
XPAR	FR0000054199-XPAR	DPT	ST DUPONT	2026-09-14	0	509.0	0.0872	-0.0289532293986637	0.0608272506082725	-0.0289532293986637	0.5242313285337622	-0.117408906882591	-0.2692307692307693	7.5	305.5	1	False	False	False	False	True	False	False	False	False	False	False	False
XPAR	FR0000060071-XPAR	SAMS	SAMSE	2026-09-14	0	509.0	119.0	-0.0245901639344262	-0.048	-0.0124481327800829	0.1307679731336255	-0.1086142322097378	-0.1310861423220973	13.5	11704.5	1	False	False	False	False	True	False	False	False	False	False	False	False
XPAR	FR0000060303-XPAR	COVH	COVIVIO HOTELS	2026-09-14	0	509.0	21.5	-0.0570175438596491	-0.0692640692640693	-0.0315315315315315	0.2068673103165129	-0.2095588235294118	-0.2205882352941176	12.0	14205.0	1	False	False	False	False	True	False	False	False	False	False	False	False
XPAR	FR0000060873-XPAR	MBWS	MARIE BRIZARD WINE AND SPIRITS	2026-09-14	0	509.0	2.91	-0.0396039603960395	0.0392857142857143	0.1411764705882354	0.1738701748831431	-0.0612903225806451	-0.1543624161073825	12.5	4898.5	1	False	False	False	False	True	False	False	False	False	False	False	False
XPAR	FR0000061137-XPAR	BUR	BURELLE	2026-09-14	0	509.0	376.0	-0.0576441102756892	-0.0738916256157635	0.0026666666666665	0.2035740604922145	-0.1454545454545455	-0.1818181818181817	15.5	22926.5	1	False	False	False	False	True	False	False	False	False	False	False	False
XPAR	FR0000063307-XPAR	TBSO	TBSO	2026-09-14	0	509.0	2.48	0.0081300813008129	-0.0461538461538462	-0.5866666666666667	0.5664841028443605	-0.5866666666666667	-0.6433333333333333	17.0	2305.0	1	False	False	False	False	True	False	False	False	False	False	False	False
XPAR	FR0000065971-XPAR	GRVO	GRAINES VOLTZ	2026-09-14	0	509.0	17.3	-0.0572207084468665	-0.0870712401055407	-0.0773333333333332	0.3167553298335888	-0.1761904761904761	-0.1809523809523809	7.5	4207.0	1	False	False	False	False	True	False	False	False	False	False	False	False
XPAR	FR0000066722-XPAR	GUI	GUILLEMOT	2026-09-14	0	509.0	4.06	-0.1037527593818985	-0.0977777777777778	-0.0772727272727273	0.3172614940869679	-0.2536764705882354	-0.286764705882353	14.5	5098.5	1	False	False	False	False	True	False	False	False	False	False	False	False
XPAR	FR0000066755-XPAR	PIG	HAULOTTE GROUP	2026-09-14	0	509.0	2.13	-0.1050420168067226	-0.0318181818181819	-0.0184331797235023	0.3231830143702853	-0.1198347107438017	-0.1596638655462184	18.5	8456.5	1	False	False	False	False	True	False	False	False	False	False	False	False
XPAR	FR0000074072-XPAR	BIG	BIGBEN INTERACTIVE	2026-09-14	0	509.0	0.135	-0.2294520547945204	-0.6029411764705883	-0.5616883116883117	1.4824011562587582	-0.8989520958083832	-0.9017964071856288	46.5	4653.5	1	False	False	False	False	False	False	False	False	False	False	False	True
XPAR	FR0000120669-XPAR	NAE	North Atlantic Energies	2026-09-14	0	509.0	105.7	0.4887323943661972	1.2122226873168689	0.5799701046337817	0.5695900237070847	-0.0121495327102802	-0.4387755102040817	394.5	691428.5	1	False	False	False	False	False	False	True	False	False	False	False	False
XPAR	FR0004031763-XPAR	COH	COHERIS	2026-09-14	0	509.0	9.6	-0.0588235294117647	-0.2558139534883721	-0.1615720524017466	0.3187744308519392	-0.3725490196078431	-0.3777777777777779	11.0	6775.5	1	False	False	False	False	True	False	False	False	False	False	False	False
XPAR	FR0010341032-XPAR	INEA	FONCIERE INEA	2026-09-14	0	509.0	31.9	-0.0214723926380369	-0.0333333333333333	-0.0833333333333332	0.1227496645950399	-0.1212121212121212	-0.1212121212121212	13.5	5420.5	1	False	False	False	False	True	False	False	False	False	False	False	False
XPAR	FR0010428771-XPAR	EFG	EAGLE FOOTBALL GROUP	2026-09-14	0	509.0	1.705	-0.0606060606060605	-0.1211340206185566	-0.0527777777777778	0.5736702536926201	-0.2249999999999999	-0.2431818181818182	17.0	2155.5	1	False	False	False	False	True	False	False	False	False	False	False	False
XPAR	FR0010609206-XPAR	OREGE	OREGE	2026-09-14	0	509.0	0.29	-0.0965732087227415	-0.0553745928338762	0.178861788617886	0.4567346570068369	-0.1690544412607449	-0.2912621359223301	10.5	2402.0	1	False	False	False	False	True	False	False	False	False	False	False	False
XPAR	FR0012612646-XPAR	PARP	GROUPE PARTOUCHE	2026-09-14	0	509.0	17.6	0.0173410404624276	-0.0222222222222221	-0.0382513661202185	0.1803642463604022	-0.1020408163265306	-0.1173469387755102	15.5	11730.0	1	False	False	False	False	True	False	False	False	False	False	False	False
XPAR	FR0013153541-XPAR	MDM	MAISONS DU MONDE	2026-09-14	0	509.0	0.2395	-0.1290909090909091	-0.4513172966781215	-0.7970338983050848	0.9890322459906206	-0.8942604856512142	-0.9333333333333332	54.5	11608.0	1	False	False	False	False	False	False	False	False	False	False	False	True
XPAR	FR0013227113-XPAR	SOI	SOITEC	2026-09-14	0	509.0	123.4	-0.0448916408668729	-0.0104250200481154	1.0104268491365267	1.0282992345083697	-0.3579604578563995	-0.550468262226847	4231.5	29433595.5	1	False	False	False	False	False	False	False	True	False	False	False	False
XPAR	FR0013333077-XPAR	CVX	CARVOLIX	2026-09-14	0	509.0	5.86	-0.0067796610169491	0.6187845303867403	1.092857142857143	1.1809928186601724	-0.1838440111420611	-0.3464373464373464	176.0	154537.5	1	False	False	False	False	False	False	False	True	False	False	False	False
XPAR	FR0013344173-XPAR	RBO	ROCHE BOBOIS	2026-09-14	0	509.0	19.75	-0.0771028037383176	-0.2036290322580645	-0.2099999999999999	0.2552313044618694	-0.4618528610354223	-0.4618528610354223	8.0	4360.0	1	False	False	False	False	True	False	False	False	False	False	False	False
XPAR	FR0013455482-XPAR	ATLD	ATLAND	2026-09-14	0	509.0	34.2	-0.0578512396694212	-0.1162790697674418	-0.1116883116883116	0.2882269807483206	-0.2383073496659241	-0.2583518930957684	8.5	595.0	1	False	False	False	False	True	False	False	False	False	False	False	False
XPAR	FR0014003AQ4-XPAR	EXPL	EXPLOSIFS PROD.CHI	2026-09-14	0	509.0	279.0	0.0333333333333334	0.0035971223021582	-0.0445205479452054	0.2953554209842013	-0.0606060606060605	-0.1784511784511784	18.0	18956.0	1	False	False	False	False	True	False	False	False	False	False	False	False
XPAR	US2220702037-XPAR	COTY	COTY INC	2026-09-14	0	509.0	2.3	-0.0573770491803279	0.2777777777777777	0.2025515005751332	0.6699994731977248	-0.4022092267706303	-0.571150097465887	5.5	2279.0	1	False	False	False	False	True	False	False	False	False	False	False	False
