scope	scope_mic	metric	direction	rank	trading_line_id	security_id	ticker	display_name	reference_mic	as_of_date	available_sessions	value
GLOBAL		momentum_1m	LOW	1	NO0010358484-XOSL	NO0010358484	VOIM	VOIM ASA	XOSL	2026-09-14	509.0	-0.5014577259475219
GLOBAL		momentum_1m	LOW	2	NO0013751966-XOSL	NO0013751966	HPUR	HEXAGON PURUS ASA	XOSL	2026-09-14	509.0	-0.3372365339578453
GLOBAL		momentum_1m	LOW	3	NL0015002IE0-XAMS	NL0015002IE0	AVTX	AVANTIUM	XAMS	2026-09-14	509.0	-0.3154172560113154
GLOBAL		momentum_1m	LOW	4	FR0013030152-XPAR	FR0013030152	FDE	FRANCAISE ENERGIE	XPAR	2026-09-14	509.0	-0.2914012738853503
GLOBAL		momentum_1m	LOW	5	NO0013162693-XOSL	NO0013162693	NOM	NORDIC MINING	XOSL	2026-09-14	509.0	-0.2751381215469612
GLOBAL		momentum_1m	LOW	6	NO0013536078-XOSL	NO0013536078	IDEX	IDEX BIOMETRICS	XOSL	2026-09-14	509.0	-0.2736077481840193
GLOBAL		momentum_1m	LOW	7	IT0004818297-MTAA	IT0004818297	EUK	EUKEDOS	MTAA	2026-09-09	950.0	-0.2656716417910448
GLOBAL		momentum_1m	LOW	8	FR0011995588-XPAR	FR0011995588	VLTSA	VOLTALIA	XPAR	2026-09-14	509.0	-0.2598784194528875
GLOBAL		momentum_1m	LOW	9	BE0974269012-XPAR	BE0974269012	ALDV	ADC SIIC	XPAR	2026-09-14	509.0	-0.2575957727873184
GLOBAL		momentum_1m	LOW	10	NO0013683821-XOSL	NO0013683821	APR	APPEAR ASA	XOSL	2026-09-14	218.0	-0.2516411378555798
GLOBAL		momentum_1m	HIGH	1	FR001400IE67-XPAR	FR001400IE67	MHM	MYHOTELMATCH	XPAR	2026-09-14	509.0	6.991994532373396
GLOBAL		momentum_1m	HIGH	2	FR0010209809-XPAR	FR0010209809	SFCA	SOC FRANC CASINOS	XPAR	2026-09-14	509.0	1.32421875
GLOBAL		momentum_1m	HIGH	3	NO0012916131-XOSL	NO0012916131	TECH	TECHSTEP	XOSL	2026-09-14	509.0	0.9428571428571428
GLOBAL		momentum_1m	HIGH	4	FR0004052561-XPAR	FR0004052561	PROAC	PROACTIS SA	XPAR	2026-09-14	509.0	0.7446808510638299
GLOBAL		momentum_1m	HIGH	5	IT0005577868-MTAA	IT0005577868	OPS	OPS ITALIA	MTAA	2026-04-30	1164.0	0.6339869281045754
GLOBAL		momentum_1m	HIGH	6	NO0013711713-XOSL	NO0013711713	ONCIN	ONCOINVENT ASA	XOSL	2026-09-14	509.0	0.5652654867256637
GLOBAL		momentum_1m	HIGH	7	NO0013033795-XOSL	NO0013033795	CRNA	CIRCIO HOLDING ASA	XOSL	2026-09-14	509.0	0.5056179775280898
GLOBAL		momentum_1m	HIGH	8	NO0010722283-XOSL	NO0010722283	ELABS	ELLIPTIC LABORATORIES ASA	XOSL	2026-09-14	509.0	0.4929859719438878
GLOBAL		momentum_1m	HIGH	9	FR0000120669-XPAR	FR0000120669	NAE	North Atlantic Energies	XPAR	2026-09-14	509.0	0.4887323943661972
GLOBAL		momentum_1m	HIGH	10	SGXPZ11CH7U7-XAMS	SGXPZ11CH7U7	SWICH	SWI CAPITAL HOLDING	XAMS	2026-09-14	146.0	0.4375
GLOBAL		momentum_3m	LOW	1	BE0003748622-XBRU	BE0003748622	IEP	IEP INVEST	XBRU	2026-09-14	509.0	-0.999586776859504
GLOBAL		momentum_3m	LOW	2	NO0013162693-XOSL	NO0013162693	NOM	NORDIC MINING	XOSL	2026-09-14	509.0	-0.7716937354988399
GLOBAL		momentum_3m	LOW	3	NO0010892359-XOSL	NO0010892359	HYPRO	HYDROGENPRO ASA	XOSL	2026-09-14	509.0	-0.7703056768558951
GLOBAL		momentum_3m	LOW	4	NO0013740142-XOSL	NO0013740142	NEXT	NEXT BIOMETRICS GROUP	XOSL	2026-09-14	509.0	-0.7365591397849462
GLOBAL		momentum_3m	LOW	5	IT0005122400-MTAA	IT0005122400	OEC	OPS ECOM	MTAA	2026-07-28	1219.0	-0.7340909090909091
GLOBAL		momentum_3m	LOW	6	IT0005545675-MTAA	IT0005545675	OPR	OPS RETAIL	MTAA	2026-04-24	1114.0	-0.7233502538071066
GLOBAL		momentum_3m	LOW	7	FR0000074072-XPAR	FR0000074072	BIG	BIGBEN INTERACTIVE	XPAR	2026-09-14	509.0	-0.6029411764705883
GLOBAL		momentum_3m	LOW	8	NO0012916131-XOSL	NO0012916131	TECH	TECHSTEP	XOSL	2026-09-14	509.0	-0.5728643216080402
GLOBAL		momentum_3m	LOW	9	NO0013683821-XOSL	NO0013683821	APR	APPEAR ASA	XOSL	2026-09-14	218.0	-0.5427807486631016
GLOBAL		momentum_3m	LOW	10	NO0013751966-XOSL	NO0013751966	HPUR	HEXAGON PURUS ASA	XOSL	2026-09-14	509.0	-0.5
GLOBAL		momentum_3m	HIGH	1	FR001400IE67-XPAR	FR001400IE67	MHM	MYHOTELMATCH	XPAR	2026-09-14	509.0	6.89906627588987
GLOBAL		momentum_3m	HIGH	2	NO0013711713-XOSL	NO0013711713	ONCIN	ONCOINVENT ASA	XOSL	2026-09-14	509.0	2.215909090909091
GLOBAL		momentum_3m	HIGH	3	FR0010209809-XPAR	FR0010209809	SFCA	SOC FRANC CASINOS	XPAR	2026-09-14	509.0	1.7045454545454546
GLOBAL		momentum_3m	HIGH	4	IT0001402269-MTAA	IT0001402269	RN	RISANAMENTO	MTAA	2026-09-14	1270.0	1.6666666666666663
GLOBAL		momentum_3m	HIGH	5	FR0004052561-XPAR	FR0004052561	PROAC	PROACTIS SA	XPAR	2026-09-14	509.0	1.4477611940298507
GLOBAL		momentum_3m	HIGH	6	FR0000120669-XPAR	FR0000120669	NAE	North Atlantic Energies	XPAR	2026-09-14	509.0	1.2122226873168689
GLOBAL		momentum_3m	HIGH	7	NO0013119255-XOSL	NO0013119255	IOX	INTEROIL EXPLORATION AND PRODUCTION	XOSL	2026-09-14	509.0	0.965
GLOBAL		momentum_3m	HIGH	8	NO0010358484-XOSL	NO0010358484	VOIM	VOIM ASA	XOSL	2026-09-14	509.0	0.838709677419355
GLOBAL		momentum_3m	HIGH	9	SGXPZ11CH7U7-XAMS	SGXPZ11CH7U7	SWICH	SWI CAPITAL HOLDING	XAMS	2026-09-14	146.0	0.796875
GLOBAL		momentum_3m	HIGH	10	NO0013033795-XOSL	NO0013033795	CRNA	CIRCIO HOLDING ASA	XOSL	2026-09-14	509.0	0.7631578947368423
GLOBAL		momentum_6m	LOW	1	BE0003748622-XBRU	BE0003748622	IEP	IEP INVEST	XBRU	2026-09-14	509.0	-0.9996396396396396
GLOBAL		momentum_6m	LOW	2	NO0013740142-XOSL	NO0013740142	NEXT	NEXT BIOMETRICS GROUP	XOSL	2026-09-14	509.0	-0.8976194901734769
GLOBAL		momentum_6m	LOW	3	IT0005122400-MTAA	IT0005122400	OEC	OPS ECOM	MTAA	2026-07-28	1219.0	-0.8546583850931677
GLOBAL		momentum_6m	LOW	4	NO0013464750-XOSL	NO0013464750	ASA	ATLANTIC SAPPHIRE	XOSL	2026-09-14	509.0	-0.8408163265306122
GLOBAL		momentum_6m	LOW	5	NO0013162693-XOSL	NO0013162693	NOM	NORDIC MINING	XOSL	2026-09-14	509.0	-0.8258407079646017
GLOBAL		momentum_6m	LOW	6	FR0013153541-XPAR	FR0013153541	MDM	MAISONS DU MONDE	XPAR	2026-09-14	509.0	-0.7970338983050848
GLOBAL		momentum_6m	LOW	7	IT0005545675-MTAA	IT0005545675	OPR	OPS RETAIL	MTAA	2026-04-24	1114.0	-0.7205128205128205
GLOBAL		momentum_6m	LOW	8	NO0012916131-XOSL	NO0012916131	TECH	TECHSTEP	XOSL	2026-09-14	509.0	-0.6977777777777778
GLOBAL		momentum_6m	LOW	9	IT0005654683-MTAA	IT0005654683	FDA	FIDIA	MTAA	2026-09-14	1252.0	-0.6834532374100719
GLOBAL		momentum_6m	LOW	10	NO0010892359-XOSL	NO0010892359	HYPRO	HYDROGENPRO ASA	XOSL	2026-09-14	509.0	-0.6488651535380507
GLOBAL		momentum_6m	HIGH	1	FR001400IE67-XPAR	FR001400IE67	MHM	MYHOTELMATCH	XPAR	2026-09-14	509.0	4.831070535399513
GLOBAL		momentum_6m	HIGH	2	IT0004585243-MTAA	IT0004585243	TES	TESMEC	MTAA	2026-09-14	1270.0	2.3136966126656846
GLOBAL		momentum_6m	HIGH	3	FR0010209809-XPAR	FR0010209809	SFCA	SOC FRANC CASINOS	XPAR	2026-09-14	509.0	2.251366120218579
GLOBAL		momentum_6m	HIGH	4	NO0013711713-XOSL	NO0013711713	ONCIN	ONCOINVENT ASA	XOSL	2026-09-14	509.0	2.194130925507901
GLOBAL		momentum_6m	HIGH	5	IT0001402269-MTAA	IT0001402269	RN	RISANAMENTO	MTAA	2026-09-14	1270.0	2.188405797101449
GLOBAL		momentum_6m	HIGH	6	NO0013033795-XOSL	NO0013033795	CRNA	CIRCIO HOLDING ASA	XOSL	2026-09-14	509.0	1.5283018867924532
GLOBAL		momentum_6m	HIGH	7	NO0012535832-XOSL	NO0012535832	PLT	POLIGHT	XOSL	2026-09-14	509.0	1.376910016977929
GLOBAL		momentum_6m	HIGH	8	SGXPZ11CH7U7-XAMS	SGXPZ11CH7U7	SWICH	SWI CAPITAL HOLDING	XAMS	2026-09-14	146.0	1.2593320235756384
GLOBAL		momentum_6m	HIGH	9	FR0013333077-XPAR	FR0013333077	CVX	CARVOLIX	XPAR	2026-09-14	509.0	1.092857142857143
GLOBAL		momentum_6m	HIGH	10	IT0001041000-MTAA	IT0001041000	BDB	BCO DESIO BRIANZA	MTAA	2026-09-14	1265.0	1.0557491289198606
GLOBAL		volatility_60d_annualized	LOW	1	BMG7209L1000-XAMS	BMG7209L1000	PPLAA	PPLA Class A voting common share	XAMS	2026-09-14	509.0	0.0
GLOBAL		volatility_60d_annualized	LOW	2	BMG7209L1182-XAMS	BMG7209L1182	PPLAB	PPLA Class B non voting common shares	XAMS	2026-09-14	509.0	0.0
GLOBAL		volatility_60d_annualized	LOW	3	GG00BMB5XZ39-XAMS	GG00BMB5XZ39	CABLE	Global InterConnection Group Limited	XAMS	2026-09-14	509.0	0.0
GLOBAL		volatility_60d_annualized	LOW	4	KYG137071075-XAMS	KYG137071075	BACE	BM3EAC Corp.	XAMS	2026-09-14	509.0	0.0
GLOBAL		volatility_60d_annualized	LOW	5	NL0000009322-XAMS	NL0000009322	INPHI	PHILIPS BUY BACK	XAMS	2026-09-14	509.0	0.0
GLOBAL		volatility_60d_annualized	LOW	6	NL00150002R5-XAMS	NL00150002R5	DSC2S	CABKA DSC2 TREASURY SHARES	XAMS	2026-09-14	509.0	0.0
GLOBAL		volatility_60d_annualized	LOW	7	NL0015000CF4-XAMS	NL0015000CF4	NAITR	NEW AMSTERDAM INVEST N.V. TREASURY SHARES	XAMS	2026-09-14	509.0	0.0
GLOBAL		volatility_60d_annualized	LOW	8	NL0015000NL9-XAMS	NL0015000NL9	QEVT	SPEAR INVESTMENTS I TREASURY SHARES	XAMS	2026-09-14	509.0	0.0
GLOBAL		volatility_60d_annualized	LOW	9	NL0015000NM7-XAMS	NL0015000NM7	QEV	SPEAR INVESTMENTS I B.V. ORDINARY SHARES	XAMS	2026-09-14	509.0	0.0
GLOBAL		volatility_60d_annualized	LOW	10	US69355L1098-XAMS	US69355L1098	PPLA	PPLA European Unit	XAMS	2026-09-14	509.0	0.0
GLOBAL		volatility_60d_annualized	HIGH	1	FR001400IE67-XPAR	FR001400IE67	MHM	MYHOTELMATCH	XPAR	2026-09-14	509.0	9.001605941415452
GLOBAL		volatility_60d_annualized	HIGH	2	FR0004052561-XPAR	FR0004052561	PROAC	PROACTIS SA	XPAR	2026-09-14	509.0	3.45659043805308
GLOBAL		volatility_60d_annualized	HIGH	3	NO0012916131-XOSL	NO0012916131	TECH	TECHSTEP	XOSL	2026-09-14	509.0	3.3838601143943
GLOBAL		volatility_60d_annualized	HIGH	4	FR0010209809-XPAR	FR0010209809	SFCA	SOC FRANC CASINOS	XPAR	2026-09-14	509.0	3.142064878161647
GLOBAL		volatility_60d_annualized	HIGH	5	NO0010358484-XOSL	NO0010358484	VOIM	VOIM ASA	XOSL	2026-09-14	509.0	2.6569873621646347
GLOBAL		volatility_60d_annualized	HIGH	6	BE0003748622-XBRU	BE0003748622	IEP	IEP INVEST	XBRU	2026-09-14	509.0	2.053369476050008
GLOBAL		volatility_60d_annualized	HIGH	7	NO0013119255-XOSL	NO0013119255	IOX	INTEROIL EXPLORATION AND PRODUCTION	XOSL	2026-09-14	509.0	1.97817915559624
GLOBAL		volatility_60d_annualized	HIGH	8	IT0005122400-MTAA	IT0005122400	OEC	OPS ECOM	MTAA	2026-07-28	1219.0	1.9575932933728293
GLOBAL		volatility_60d_annualized	HIGH	9	IT0005545675-MTAA	IT0005545675	OPR	OPS RETAIL	MTAA	2026-04-24	1114.0	1.804199403347834
GLOBAL		volatility_60d_annualized	HIGH	10	NO0013464750-XOSL	NO0013464750	ASA	ATLANTIC SAPPHIRE	XOSL	2026-09-14	509.0	1.6221918713215964
GLOBAL		current_drawdown_252d	LOW	1	BE0003748622-XBRU	BE0003748622	IEP	IEP INVEST	XBRU	2026-09-14	509.0	-0.9996396396396396
GLOBAL		current_drawdown_252d	LOW	2	NO0013740142-XOSL	NO0013740142	NEXT	NEXT BIOMETRICS GROUP	XOSL	2026-09-14	509.0	-0.9863112409240036
GLOBAL		current_drawdown_252d	LOW	3	IT0005654683-MTAA	IT0005654683	FDA	FIDIA	MTAA	2026-09-14	1252.0	-0.9683339330694496
GLOBAL		current_drawdown_252d	LOW	4	IT0005611642-MTAA	IT0005611642	BES	BESTBE HOLDING	MTAA	2025-11-25	1051.0	-0.9290953545232272
GLOBAL		current_drawdown_252d	LOW	5	NO0013355859-XOSL	NO0013355859	LIFE	LIFECARE ASA	XOSL	2026-09-14	509.0	-0.922553455462664
GLOBAL		current_drawdown_252d	LOW	6	FR0013482791-XPAR	FR0013482791	NACON	NACON	XPAR	2026-09-14	509.0	-0.9081841432225064
GLOBAL		current_drawdown_252d	LOW	7	IT0005122400-MTAA	IT0005122400	OEC	OPS ECOM	MTAA	2026-07-28	1219.0	-0.9052631578947368
GLOBAL		current_drawdown_252d	LOW	8	IT0005730095-MTAA	IT0005730095	EPH	EPH INVEST	MTAA	2026-09-14	1241.0	-0.905
GLOBAL		current_drawdown_252d	LOW	9	NO0013464750-XOSL	NO0013464750	ASA	ATLANTIC SAPPHIRE	XOSL	2026-09-14	509.0	-0.90470372632865
GLOBAL		current_drawdown_252d	LOW	10	FR0000074072-XPAR	FR0000074072	BIG	BIGBEN INTERACTIVE	XPAR	2026-09-14	509.0	-0.8989520958083832
GLOBAL		current_drawdown_252d	HIGH	1	IT0000062072-MTAA	IT0000062072	G	GENERALI	MTAA	2026-09-14	1270.0	0.0
GLOBAL		current_drawdown_252d	HIGH	2	NL0015000LU4-MTAA	NL0015000LU4	IVG	IVECO GROUP	MTAA	2026-09-14	1194.0	0.0
GLOBAL		current_drawdown_252d	HIGH	3	BMG7209L1000-XAMS	BMG7209L1000	PPLAA	PPLA Class A voting common share	XAMS	2026-09-14	509.0	0.0
GLOBAL		current_drawdown_252d	HIGH	4	BMG7209L1182-XAMS	BMG7209L1182	PPLAB	PPLA Class B non voting common shares	XAMS	2026-09-14	509.0	0.0
GLOBAL		current_drawdown_252d	HIGH	5	GB00BP6MXD84-XAMS	GB00BP6MXD84	SHELL	SHELL PLC	XAMS	2026-09-14	509.0	0.0
GLOBAL		current_drawdown_252d	HIGH	6	KYG137071075-XAMS	KYG137071075	BACE	BM3EAC Corp.	XAMS	2026-09-14	509.0	0.0
GLOBAL		current_drawdown_252d	HIGH	7	LU2290522684-XAMS	LU2290522684	INPST	INPOST S.A.	XAMS	2026-09-14	509.0	0.0
GLOBAL		current_drawdown_252d	HIGH	8	NL0000009322-XAMS	NL0000009322	INPHI	PHILIPS BUY BACK	XAMS	2026-09-14	509.0	0.0
GLOBAL		current_drawdown_252d	HIGH	9	NL0010583399-XAMS	NL0010583399	CRBN	CORBION	XAMS	2026-09-14	509.0	0.0
GLOBAL		current_drawdown_252d	HIGH	10	NL00150002R5-XAMS	NL00150002R5	DSC2S	CABKA DSC2 TREASURY SHARES	XAMS	2026-09-14	509.0	0.0
GLOBAL		max_drawdown_252d	LOW	1	BE0003748622-XBRU	BE0003748622	IEP	IEP INVEST	XBRU	2026-09-14	509.0	-0.9996396396396396
GLOBAL		max_drawdown_252d	LOW	2	IT0005654683-MTAA	IT0005654683	FDA	FIDIA	MTAA	2026-09-14	1252.0	-0.9877653832313782
GLOBAL		max_drawdown_252d	LOW	3	NO0013740142-XOSL	NO0013740142	NEXT	NEXT BIOMETRICS GROUP	XOSL	2026-09-14	509.0	-0.9870934557283462
GLOBAL		max_drawdown_252d	LOW	4	IT0005122400-MTAA	IT0005122400	OEC	OPS ECOM	MTAA	2026-07-28	1219.0	-0.9408906882591092
GLOBAL		max_drawdown_252d	LOW	5	FR0013153541-XPAR	FR0013153541	MDM	MAISONS DU MONDE	XPAR	2026-09-14	509.0	-0.9333333333333332
GLOBAL		max_drawdown_252d	LOW	6	IT0005611642-MTAA	IT0005611642	BES	BESTBE HOLDING	MTAA	2025-11-25	1051.0	-0.9327628361858192
GLOBAL		max_drawdown_252d	LOW	7	IT0005730095-MTAA	IT0005730095	EPH	EPH INVEST	MTAA	2026-09-14	1241.0	-0.925
GLOBAL		max_drawdown_252d	LOW	8	NO0013355859-XOSL	NO0013355859	LIFE	LIFECARE ASA	XOSL	2026-09-14	509.0	-0.9246023058472496
GLOBAL		max_drawdown_252d	LOW	9	FR0013482791-XPAR	FR0013482791	NACON	NACON	XPAR	2026-09-14	509.0	-0.9222506393861892
GLOBAL		max_drawdown_252d	LOW	10	NO0013464750-XOSL	NO0013464750	ASA	ATLANTIC SAPPHIRE	XOSL	2026-09-14	509.0	-0.9071472205253512
GLOBAL		max_drawdown_252d	HIGH	1	BMG7209L1000-XAMS	BMG7209L1000	PPLAA	PPLA Class A voting common share	XAMS	2026-09-14	509.0	0.0
GLOBAL		max_drawdown_252d	HIGH	2	BMG7209L1182-XAMS	BMG7209L1182	PPLAB	PPLA Class B non voting common shares	XAMS	2026-09-14	509.0	0.0
GLOBAL		max_drawdown_252d	HIGH	3	KYG137071075-XAMS	KYG137071075	BACE	BM3EAC Corp.	XAMS	2026-09-14	509.0	0.0
GLOBAL		max_drawdown_252d	HIGH	4	NL0000009322-XAMS	NL0000009322	INPHI	PHILIPS BUY BACK	XAMS	2026-09-14	509.0	0.0
GLOBAL		max_drawdown_252d	HIGH	5	NL00150002R5-XAMS	NL00150002R5	DSC2S	CABKA DSC2 TREASURY SHARES	XAMS	2026-09-14	509.0	0.0
GLOBAL		max_drawdown_252d	HIGH	6	NL0015000CF4-XAMS	NL0015000CF4	NAITR	NEW AMSTERDAM INVEST N.V. TREASURY SHARES	XAMS	2026-09-14	509.0	0.0
GLOBAL		max_drawdown_252d	HIGH	7	NL0015000NL9-XAMS	NL0015000NL9	QEVT	SPEAR INVESTMENTS I TREASURY SHARES	XAMS	2026-09-14	509.0	0.0
GLOBAL		max_drawdown_252d	HIGH	8	US69355L1098-XAMS	US69355L1098	PPLA	PPLA European Unit	XAMS	2026-09-14	509.0	0.0
GLOBAL		max_drawdown_252d	HIGH	9	NL0006294274-XLIS	NL0006294274	ENXP	EURONEXT	XLIS	2025-09-25	262.0	0.0
GLOBAL		max_drawdown_252d	HIGH	10	BMG9887P1068-XPAR	BMG9887P1068	CV	ZCI Limited	XPAR	2026-09-14	509.0	0.0
MIC	MTAA	median_shares_20d	LOW	1	NL0015000K93-MTAA	NL0015000K93	ECMPM	EUROCOMMERCIAL PROPERTIES	MTAA	2026-09-11	561.0	105.0
MIC	MTAA	median_shares_20d	LOW	2	IT0000214293-MTAA	IT0000214293	TYA	TOSCANA AEROPORTI	MTAA	2026-09-11	1082.0	107.5
MIC	MTAA	median_shares_20d	LOW	3	IT0005245508-MTAA	IT0005245508	INDB	INDEL B	MTAA	2026-09-14	1148.0	291.5
MIC	MTAA	median_shares_20d	LOW	4	IT0000084043-MTAA	IT0000084043	AUTME	AUTOSTRADE MERID	MTAA	2026-09-14	1165.0	428.0
MIC	MTAA	median_shares_20d	LOW	5	IT0004818297-MTAA	IT0004818297	EUK	EUKEDOS	MTAA	2026-09-09	950.0	445.5
MIC	MTAA	median_shares_20d	HIGH	1	IT0001402269-MTAA	IT0001402269	RN	RISANAMENTO	MTAA	2026-09-14	1270.0	47508377.0
MIC	MTAA	median_shares_20d	HIGH	2	IT0000072618-MTAA	IT0000072618	ISP	INTESA SANPAOLO	MTAA	2026-09-14	1270.0	35924601.5
MIC	MTAA	median_shares_20d	HIGH	3	NL00150001Q9-MTAA	NL00150001Q9	STLAM	STELLANTIS	MTAA	2026-09-14	1270.0	34008785.5
MIC	MTAA	median_shares_20d	HIGH	4	IT0003128367-MTAA	IT0003128367	ENEL	ENEL	MTAA	2026-09-14	1270.0	16701567.5
MIC	MTAA	median_shares_20d	HIGH	5	IT0005495657-MTAA	IT0005495657	SPM	SAIPEM	MTAA	2026-09-14	1270.0	14821993.5
MIC	MTAA	median_trades_20d	LOW	1	NL0015000K93-MTAA	NL0015000K93	ECMPM	EUROCOMMERCIAL PROPERTIES	MTAA	2026-09-11	561.0	1.0
MIC	MTAA	median_trades_20d	LOW	2	IT0004818297-MTAA	IT0004818297	EUK	EUKEDOS	MTAA	2026-09-09	950.0	1.5
MIC	MTAA	median_trades_20d	LOW	3	IT0005481855-MTAA	IT0005481855	MET	MET.EXTRA GROUP	MTAA	2026-09-14	1071.0	2.0
MIC	MTAA	median_trades_20d	LOW	4	IT0000084043-MTAA	IT0000084043	AUTME	AUTOSTRADE MERID	MTAA	2026-09-14	1165.0	3.0
MIC	MTAA	median_trades_20d	LOW	5	IT0001487047-MTAA	IT0001487047	BWZ	BEEWIZE	MTAA	2026-09-14	1064.0	3.0
MIC	MTAA	median_trades_20d	HIGH	1	NL00150001Q9-MTAA	NL00150001Q9	STLAM	STELLANTIS	MTAA	2026-09-14	1270.0	19561.0
MIC	MTAA	median_trades_20d	HIGH	2	NL0000226223-MTAA	NL0000226223	STMMI	STMICROELECTRONICS	MTAA	2026-09-14	1270.0	13306.0
MIC	MTAA	median_trades_20d	HIGH	3	IT0005239360-MTAA	IT0005239360	UCG	UNICREDIT	MTAA	2026-09-14	1270.0	12253.5
MIC	MTAA	median_trades_20d	HIGH	4	IT0000072618-MTAA	IT0000072618	ISP	INTESA SANPAOLO	MTAA	2026-09-14	1270.0	11056.5
MIC	MTAA	median_trades_20d	HIGH	5	NL0011585146-MTAA	NL0011585146	RACE	FERRARI	MTAA	2026-09-14	1270.0	10321.5
MIC	MTAA	median_turnover_20d	LOW	1	IT0004818297-MTAA	IT0004818297	EUK	EUKEDOS	MTAA	2026-09-09	950.0	244.73
MIC	MTAA	median_turnover_20d	LOW	2	IT0001487047-MTAA	IT0001487047	BWZ	BEEWIZE	MTAA	2026-09-14	1064.0	392.5
MIC	MTAA	median_turnover_20d	LOW	3	IT0005001554-MTAA	IT0005001554	TB	TRIBOO	MTAA	2026-09-14	1233.0	916.955
MIC	MTAA	median_turnover_20d	LOW	4	IT0000084043-MTAA	IT0000084043	AUTME	AUTOSTRADE MERID	MTAA	2026-09-14	1165.0	1168.24
MIC	MTAA	median_turnover_20d	LOW	5	IT0005395071-MTAA	IT0005395071	ZUC	ZUCCHI	MTAA	2026-09-14	1216.0	1170.3200000000002
MIC	MTAA	median_turnover_20d	HIGH	1	IT0005239360-MTAA	IT0005239360	UCG	UNICREDIT	MTAA	2026-09-14	1270.0	275993577.93
MIC	MTAA	median_turnover_20d	HIGH	2	IT0000072618-MTAA	IT0000072618	ISP	INTESA SANPAOLO	MTAA	2026-09-14	1270.0	244706004.395
MIC	MTAA	median_turnover_20d	HIGH	3	IT0003132476-MTAA	IT0003132476	ENI	ENI	MTAA	2026-09-14	1270.0	186458244.41
MIC	MTAA	median_turnover_20d	HIGH	4	NL00150001Q9-MTAA	NL00150001Q9	STLAM	STELLANTIS	MTAA	2026-09-14	1270.0	151712507.740875
MIC	MTAA	median_turnover_20d	HIGH	5	IT0003128367-MTAA	IT0003128367	ENEL	ENEL	MTAA	2026-09-14	1270.0	150210093.185
MIC	MTAA	median_vwap_20d	LOW	1	IT0005654683-MTAA	IT0005654683	FDA	FIDIA	MTAA	2026-09-14	1252.0	0.0078605
MIC	MTAA	median_vwap_20d	LOW	2	IT0005545675-MTAA	IT0005545675	OPR	OPS RETAIL	MTAA	2026-04-24	1114.0	0.0105905
MIC	MTAA	median_vwap_20d	LOW	3	IT0005707341-MTAA	IT0005707341	KK	KRUSO KAPITAL	MTAA	2026-09-14	285.0	0.018153
MIC	MTAA	median_vwap_20d	LOW	4	IT0005122400-MTAA	IT0005122400	OEC	OPS ECOM	MTAA	2026-07-28	1219.0	0.022096
MIC	MTAA	median_vwap_20d	LOW	5	IT0001447785-MTAA	IT0001447785	MTV	MONDO TV	MTAA	2026-09-11	1268.0	0.0321955
MIC	MTAA	median_vwap_20d	HIGH	1	NL0011585146-MTAA	NL0011585146	RACE	FERRARI	MTAA	2026-09-14	1270.0	357.1057545
MIC	MTAA	median_vwap_20d	HIGH	2	IT0004176001-MTAA	IT0004176001	PRY	PRYSMIAN	MTAA	2026-09-14	1270.0	122.6033815
MIC	MTAA	median_vwap_20d	HIGH	3	IT0005282865-MTAA	IT0005282865	REY	REPLY	MTAA	2026-09-14	1270.0	120.8823955
MIC	MTAA	median_vwap_20d	HIGH	4	IT0004729759-MTAA	IT0004729759	SES	SESA	MTAA	2026-09-14	1270.0	94.7597255
MIC	MTAA	median_vwap_20d	HIGH	5	IT0004764699-MTAA	IT0004764699	BC	BRUNELLO CUCINELLI	MTAA	2026-09-14	1270.0	86.256063
MIC	XAMS	median_shares_20d	LOW	1	BMG7209L1000-XAMS	BMG7209L1000	PPLAA	PPLA Class A voting common share	XAMS	2026-09-14	509.0	0.0
MIC	XAMS	median_shares_20d	LOW	2	BMG7209L1182-XAMS	BMG7209L1182	PPLAB	PPLA Class B non voting common shares	XAMS	2026-09-14	509.0	0.0
MIC	XAMS	median_shares_20d	LOW	3	GB00B94QM994-XAMS	GB00B94QM994	ECT	EUROCASTLE INVESTM	XAMS	2026-09-14	509.0	0.0
MIC	XAMS	median_shares_20d	LOW	4	GG00BMB5XZ39-XAMS	GG00BMB5XZ39	CABLE	Global InterConnection Group Limited	XAMS	2026-09-14	509.0	0.0
MIC	XAMS	median_shares_20d	LOW	5	KYG137071075-XAMS	KYG137071075	BACE	BM3EAC Corp.	XAMS	2026-09-14	509.0	0.0
MIC	XAMS	median_shares_20d	HIGH	1	NL0000009082-XAMS	NL0000009082	KPN	KPN KON	XAMS	2026-09-14	509.0	9104340.5
MIC	XAMS	median_shares_20d	HIGH	2	NL0010391025-XAMS	NL0010391025	PHARM	PHARMING GROUP	XAMS	2026-09-14	509.0	5628102.5
MIC	XAMS	median_shares_20d	HIGH	3	NL0011821202-XAMS	NL0011821202	INGA	ING GROEP N.V.	XAMS	2026-09-14	509.0	4829734.0
MIC	XAMS	median_shares_20d	HIGH	4	GB00BP6MXD84-XAMS	GB00BP6MXD84	SHELL	SHELL PLC	XAMS	2026-09-14	509.0	4395579.0
MIC	XAMS	median_shares_20d	HIGH	5	BMG0112X1056-XAMS	BMG0112X1056	AGN	AEGON	XAMS	2026-09-14	509.0	4202229.5
MIC	XAMS	median_trades_20d	LOW	1	BMG7209L1000-XAMS	BMG7209L1000	PPLAA	PPLA Class A voting common share	XAMS	2026-09-14	509.0	0.0
MIC	XAMS	median_trades_20d	LOW	2	BMG7209L1182-XAMS	BMG7209L1182	PPLAB	PPLA Class B non voting common shares	XAMS	2026-09-14	509.0	0.0
MIC	XAMS	median_trades_20d	LOW	3	GB00B94QM994-XAMS	GB00B94QM994	ECT	EUROCASTLE INVESTM	XAMS	2026-09-14	509.0	0.0
MIC	XAMS	median_trades_20d	LOW	4	GG00BMB5XZ39-XAMS	GG00BMB5XZ39	CABLE	Global InterConnection Group Limited	XAMS	2026-09-14	509.0	0.0
MIC	XAMS	median_trades_20d	LOW	5	KYG137071075-XAMS	KYG137071075	BACE	BM3EAC Corp.	XAMS	2026-09-14	509.0	0.0
MIC	XAMS	median_trades_20d	HIGH	1	NL0010273215-XAMS	NL0010273215	ASML	ASML HOLDING	XAMS	2026-09-14	509.0	37165.0
MIC	XAMS	median_trades_20d	HIGH	2	GB00BP6MXD84-XAMS	GB00BP6MXD84	SHELL	SHELL PLC	XAMS	2026-09-14	509.0	11650.5
MIC	XAMS	median_trades_20d	HIGH	3	NL0013654783-XAMS	NL0013654783	PRX	PROSUS	XAMS	2026-09-14	509.0	10590.0
MIC	XAMS	median_trades_20d	HIGH	4	NL0012969182-XAMS	NL0012969182	ADYEN	ADYEN	XAMS	2026-09-14	509.0	8398.0
MIC	XAMS	median_trades_20d	HIGH	5	NL0011821202-XAMS	NL0011821202	INGA	ING GROEP N.V.	XAMS	2026-09-14	509.0	8258.0
MIC	XAMS	median_turnover_20d	LOW	1	BMG7209L1000-XAMS	BMG7209L1000	PPLAA	PPLA Class A voting common share	XAMS	2026-09-14	509.0	0.0
MIC	XAMS	median_turnover_20d	LOW	2	BMG7209L1182-XAMS	BMG7209L1182	PPLAB	PPLA Class B non voting common shares	XAMS	2026-09-14	509.0	0.0
MIC	XAMS	median_turnover_20d	LOW	3	GB00B94QM994-XAMS	GB00B94QM994	ECT	EUROCASTLE INVESTM	XAMS	2026-09-14	509.0	0.0
MIC	XAMS	median_turnover_20d	LOW	4	GG00BMB5XZ39-XAMS	GG00BMB5XZ39	CABLE	Global InterConnection Group Limited	XAMS	2026-09-14	509.0	0.0
MIC	XAMS	median_turnover_20d	LOW	5	KYG137071075-XAMS	KYG137071075	BACE	BM3EAC Corp.	XAMS	2026-09-14	509.0	0.0
MIC	XAMS	median_turnover_20d	HIGH	1	NL0010273215-XAMS	NL0010273215	ASML	ASML HOLDING	XAMS	2026-09-14	509.0	686274207.5
MIC	XAMS	median_turnover_20d	HIGH	2	GB00BP6MXD84-XAMS	GB00BP6MXD84	SHELL	SHELL PLC	XAMS	2026-09-14	509.0	175172699.0
MIC	XAMS	median_turnover_20d	HIGH	3	NL0011821202-XAMS	NL0011821202	INGA	ING GROEP N.V.	XAMS	2026-09-14	509.0	148378173.0
MIC	XAMS	median_turnover_20d	HIGH	4	NL0000334118-XAMS	NL0000334118	ASM	ASM International N.V.	XAMS	2026-09-14	509.0	108901154.0
MIC	XAMS	median_turnover_20d	HIGH	5	NL0012969182-XAMS	NL0012969182	ADYEN	ADYEN	XAMS	2026-09-14	509.0	105678088.5
MIC	XAMS	median_vwap_20d	LOW	1	BMG7209L1000-XAMS	BMG7209L1000	PPLAA	PPLA Class A voting common share	XAMS	2026-09-14	509.0	0.0
MIC	XAMS	median_vwap_20d	LOW	2	BMG7209L1182-XAMS	BMG7209L1182	PPLAB	PPLA Class B non voting common shares	XAMS	2026-09-14	509.0	0.0
MIC	XAMS	median_vwap_20d	LOW	3	GB00B94QM994-XAMS	GB00B94QM994	ECT	EUROCASTLE INVESTM	XAMS	2026-09-14	509.0	0.0
MIC	XAMS	median_vwap_20d	LOW	4	GG00BMB5XZ39-XAMS	GG00BMB5XZ39	CABLE	Global InterConnection Group Limited	XAMS	2026-09-14	509.0	0.0
MIC	XAMS	median_vwap_20d	LOW	5	KYG137071075-XAMS	KYG137071075	BACE	BM3EAC Corp.	XAMS	2026-09-14	509.0	0.0
MIC	XAMS	median_vwap_20d	HIGH	1	NL0010273215-XAMS	NL0010273215	ASML	ASML HOLDING	XAMS	2026-09-14	509.0	1494.4387
MIC	XAMS	median_vwap_20d	HIGH	2	NL0012969182-XAMS	NL0012969182	ADYEN	ADYEN	XAMS	2026-09-14	509.0	1046.07935
MIC	XAMS	median_vwap_20d	HIGH	3	NL0000334118-XAMS	NL0000334118	ASM	ASM International N.V.	XAMS	2026-09-14	509.0	827.72365
MIC	XAMS	median_vwap_20d	HIGH	4	NL0009391242-XAMS	NL0009391242	HYDRA	HYDRATEC Gewone aandelen	XAMS	2026-09-14	509.0	270.0
MIC	XAMS	median_vwap_20d	HIGH	5	NL0012866412-XAMS	NL0012866412	BESI	BE Semiconductor Industries N.V.	XAMS	2026-09-14	509.0	195.2016
MIC	XBRU	median_shares_20d	LOW	1	BE0003463685-XBRU	BE0003463685	CLEX	CUMULEX	XBRU	2026-09-14	509.0	0.0
MIC	XBRU	median_shares_20d	LOW	2	BE0003748622-XBRU	BE0003748622	IEP	IEP INVEST	XBRU	2026-09-14	509.0	0.0
MIC	XBRU	median_shares_20d	LOW	3	BE0003752665-XBRU	BE0003752665	FOU	FOUNTAIN	XBRU	2026-09-14	509.0	0.0
MIC	XBRU	median_shares_20d	LOW	4	BE0974280126-XBRU	BE0974280126	BIOS	BIOSENIC	XBRU	2026-09-14	509.0	0.0
MIC	XBRU	median_shares_20d	LOW	5	BE0974340722-XBRU	BE0974340722	SEQUA	SEQUANA MEDICAL	XBRU	2026-09-14	509.0	0.0
MIC	XBRU	median_shares_20d	HIGH	1	BE0974293251-XBRU	BE0974293251	ABI	AB INBEV	XBRU	2026-09-14	509.0	1568361.5
MIC	XBRU	median_shares_20d	HIGH	2	BE0974320526-XBRU	BE0974320526	UMI	UMICORE	XBRU	2026-09-14	509.0	396023.0
MIC	XBRU	median_shares_20d	HIGH	3	BE0974349814-XBRU	BE0974349814	WDP	WAREHOUSES DE PAUW	XBRU	2026-09-14	509.0	321869.5
MIC	XBRU	median_shares_20d	HIGH	4	BE0003470755-XBRU	BE0003470755	SOLB	SOLVAY	XBRU	2026-09-14	509.0	282404.5
MIC	XBRU	median_shares_20d	HIGH	5	BE0003565737-XBRU	BE0003565737	KBC	KBC	XBRU	2026-09-14	509.0	274569.5
MIC	XBRU	median_trades_20d	LOW	1	BE0003463685-XBRU	BE0003463685	CLEX	CUMULEX	XBRU	2026-09-14	509.0	0.0
MIC	XBRU	median_trades_20d	LOW	2	BE0003748622-XBRU	BE0003748622	IEP	IEP INVEST	XBRU	2026-09-14	509.0	0.0
MIC	XBRU	median_trades_20d	LOW	3	BE0003752665-XBRU	BE0003752665	FOU	FOUNTAIN	XBRU	2026-09-14	509.0	0.0
MIC	XBRU	median_trades_20d	LOW	4	BE0974280126-XBRU	BE0974280126	BIOS	BIOSENIC	XBRU	2026-09-14	509.0	0.0
MIC	XBRU	median_trades_20d	LOW	5	BE0974340722-XBRU	BE0974340722	SEQUA	SEQUANA MEDICAL	XBRU	2026-09-14	509.0	0.0
MIC	XBRU	median_trades_20d	HIGH	1	BE0974293251-XBRU	BE0974293251	ABI	AB INBEV	XBRU	2026-09-14	509.0	6148.5
MIC	XBRU	median_trades_20d	HIGH	2	NL0010832176-XBRU	NL0010832176	ARGX	ARGENX SE	XBRU	2026-09-14	509.0	4916.5
MIC	XBRU	median_trades_20d	HIGH	3	BE0003739530-XBRU	BE0003739530	UCB	UCB	XBRU	2026-09-14	509.0	2288.0
MIC	XBRU	median_trades_20d	HIGH	4	BE0003565737-XBRU	BE0003565737	KBC	KBC	XBRU	2026-09-14	509.0	1672.5
MIC	XBRU	median_trades_20d	HIGH	5	BE0974464977-XBRU	BE0974464977	SYENS	SYENSQO	XBRU	2026-09-14	509.0	1234.0
MIC	XBRU	median_turnover_20d	LOW	1	BE0003463685-XBRU	BE0003463685	CLEX	CUMULEX	XBRU	2026-09-14	509.0	0.0
MIC	XBRU	median_turnover_20d	LOW	2	BE0003748622-XBRU	BE0003748622	IEP	IEP INVEST	XBRU	2026-09-14	509.0	0.0
MIC	XBRU	median_turnover_20d	LOW	3	BE0003752665-XBRU	BE0003752665	FOU	FOUNTAIN	XBRU	2026-09-14	509.0	0.0
MIC	XBRU	median_turnover_20d	LOW	4	BE0974280126-XBRU	BE0974280126	BIOS	BIOSENIC	XBRU	2026-09-14	509.0	0.0
MIC	XBRU	median_turnover_20d	LOW	5	BE0974340722-XBRU	BE0974340722	SEQUA	SEQUANA MEDICAL	XBRU	2026-09-14	509.0	0.0
MIC	XBRU	median_turnover_20d	HIGH	1	BE0974293251-XBRU	BE0974293251	ABI	AB INBEV	XBRU	2026-09-14	509.0	106899481.5
MIC	XBRU	median_turnover_20d	HIGH	2	NL0010832176-XBRU	NL0010832176	ARGX	ARGENX SE	XBRU	2026-09-14	509.0	62729598.5
MIC	XBRU	median_turnover_20d	HIGH	3	BE0003739530-XBRU	BE0003739530	UCB	UCB	XBRU	2026-09-14	509.0	45238852.0
MIC	XBRU	median_turnover_20d	HIGH	4	BE0003565737-XBRU	BE0003565737	KBC	KBC	XBRU	2026-09-14	509.0	36599540.0
MIC	XBRU	median_turnover_20d	HIGH	5	BE0974264930-XBRU	BE0974264930	AGS	AGEAS	XBRU	2026-09-14	509.0	18251912.5
MIC	XBRU	median_vwap_20d	LOW	1	BE0003463685-XBRU	BE0003463685	CLEX	CUMULEX	XBRU	2026-09-14	509.0	0.0
MIC	XBRU	median_vwap_20d	LOW	2	BE0003748622-XBRU	BE0003748622	IEP	IEP INVEST	XBRU	2026-09-14	509.0	0.0
MIC	XBRU	median_vwap_20d	LOW	3	BE0003752665-XBRU	BE0003752665	FOU	FOUNTAIN	XBRU	2026-09-14	509.0	0.0
MIC	XBRU	median_vwap_20d	LOW	4	BE0974280126-XBRU	BE0974280126	BIOS	BIOSENIC	XBRU	2026-09-14	509.0	0.0
MIC	XBRU	median_vwap_20d	LOW	5	BE0974340722-XBRU	BE0974340722	SEQUA	SEQUANA MEDICAL	XBRU	2026-09-14	509.0	0.0
MIC	XBRU	median_vwap_20d	HIGH	1	BE0003604155-XBRU	BE0003604155	LOTB	LOTUS BAKERIES	XBRU	2026-09-14	509.0	12432.59095
MIC	XBRU	median_vwap_20d	HIGH	2	NL0010832176-XBRU	NL0010832176	ARGX	ARGENX SE	XBRU	2026-09-14	509.0	876.6655499999999
MIC	XBRU	median_vwap_20d	HIGH	3	BE0003602134-XBRU	BE0003602134	MOUR	MOURY CONSTRUCT	XBRU	2026-09-14	509.0	740.0
MIC	XBRU	median_vwap_20d	HIGH	4	BE0003008019-XBRU	BE0003008019	BNB	BQUE NAT. BELGIQUE	XBRU	2026-09-14	509.0	376.94645
MIC	XBRU	median_vwap_20d	HIGH	5	BE0003798155-XBRU	BE0003798155	SPA	SPADEL	XBRU	2026-09-14	509.0	356.0
MIC	XLIS	median_shares_20d	LOW	1	NL0006294274-XLIS	NL0006294274	ENXP	EURONEXT	XLIS	2025-09-25	262.0	0.0
MIC	XLIS	median_shares_20d	LOW	2	PTESO0AM0000-XLIS	PTESO0AM0000	ESON	Estoril-Sol SGPS-Nominativas	XLIS	2026-09-14	509.0	0.0
MIC	XLIS	median_shares_20d	LOW	3	PTFXD0AM0018-XLIS	PTFXD0AM0018	FLEXD	FLEXDEAL	XLIS	2026-09-14	509.0	0.0
MIC	XLIS	median_shares_20d	LOW	4	PTGMC0AM0003-XLIS	PTGMC0AM0003	MCP	Grupo Media Capital,SGPS	XLIS	2026-09-14	509.0	0.0
MIC	XLIS	median_shares_20d	LOW	5	PTSCT0AP0018-XLIS	PTSCT0AP0018	SCT	Toyota Caetano	XLIS	2026-09-14	509.0	0.0
MIC	XLIS	median_shares_20d	HIGH	1	PTBCP0AM0015-XLIS	PTBCP0AM0015	BCP	B.C.P.-BCO COMERCIAL PORTUGUES	XLIS	2026-09-14	509.0	42608319.0
MIC	XLIS	median_shares_20d	HIGH	2	PTEDP0AM0009-XLIS	PTEDP0AM0009	EDP	EDP, SA	XLIS	2026-09-14	509.0	6749551.0
MIC	XLIS	median_shares_20d	HIGH	3	PTTD10AM0000-XLIS	PTTD10AM0000	TDSA	Teixeira Duarte, SA	XLIS	2026-09-14	509.0	4891295.5
MIC	XLIS	median_shares_20d	HIGH	4	PTMEN0AE0005-XLIS	PTMEN0AE0005	EGL	MOTA ENGIL	XLIS	2026-09-14	509.0	1551395.0
MIC	XLIS	median_shares_20d	HIGH	5	PTSON0AM0001-XLIS	PTSON0AM0001	SON	SONAE	XLIS	2026-09-14	509.0	1413675.0
MIC	XLIS	median_trades_20d	LOW	1	NL0006294274-XLIS	NL0006294274	ENXP	EURONEXT	XLIS	2025-09-25	262.0	0.0
MIC	XLIS	median_trades_20d	LOW	2	PTESO0AM0000-XLIS	PTESO0AM0000	ESON	Estoril-Sol SGPS-Nominativas	XLIS	2026-09-14	509.0	0.0
MIC	XLIS	median_trades_20d	LOW	3	PTFXD0AM0018-XLIS	PTFXD0AM0018	FLEXD	FLEXDEAL	XLIS	2026-09-14	509.0	0.0
MIC	XLIS	median_trades_20d	LOW	4	PTGMC0AM0003-XLIS	PTGMC0AM0003	MCP	Grupo Media Capital,SGPS	XLIS	2026-09-14	509.0	0.0
MIC	XLIS	median_trades_20d	LOW	5	PTSCT0AP0018-XLIS	PTSCT0AP0018	SCT	Toyota Caetano	XLIS	2026-09-14	509.0	0.0
MIC	XLIS	median_trades_20d	HIGH	1	PTBCP0AM0015-XLIS	PTBCP0AM0015	BCP	B.C.P.-BCO COMERCIAL PORTUGUES	XLIS	2026-09-14	509.0	2708.5
MIC	XLIS	median_trades_20d	HIGH	2	PTEDP0AM0009-XLIS	PTEDP0AM0009	EDP	EDP, SA	XLIS	2026-09-14	509.0	2390.5
MIC	XLIS	median_trades_20d	HIGH	3	PTGAL0AM0009-XLIS	PTGAL0AM0009	GALP	GALP ENERGIA-NOM	XLIS	2026-09-14	509.0	2195.0
MIC	XLIS	median_trades_20d	HIGH	4	PTJMT0AE0001-XLIS	PTJMT0AE0001	JMT	J.MARTINS,SGPS	XLIS	2026-09-14	509.0	1555.5
MIC	XLIS	median_trades_20d	HIGH	5	ES0127797019-XLIS	ES0127797019	EDPR	EDP RENEWABLES, SA	XLIS	2026-09-14	509.0	1074.5
MIC	XLIS	median_turnover_20d	LOW	1	NL0006294274-XLIS	NL0006294274	ENXP	EURONEXT	XLIS	2025-09-25	262.0	0.0
MIC	XLIS	median_turnover_20d	LOW	2	PTESO0AM0000-XLIS	PTESO0AM0000	ESON	Estoril-Sol SGPS-Nominativas	XLIS	2026-09-14	509.0	0.0
MIC	XLIS	median_turnover_20d	LOW	3	PTFXD0AM0018-XLIS	PTFXD0AM0018	FLEXD	FLEXDEAL	XLIS	2026-09-14	509.0	0.0
MIC	XLIS	median_turnover_20d	LOW	4	PTGMC0AM0003-XLIS	PTGMC0AM0003	MCP	Grupo Media Capital,SGPS	XLIS	2026-09-14	509.0	0.0
MIC	XLIS	median_turnover_20d	LOW	5	PTSCT0AP0018-XLIS	PTSCT0AP0018	SCT	Toyota Caetano	XLIS	2026-09-14	509.0	0.0
MIC	XLIS	median_turnover_20d	HIGH	1	PTBCP0AM0015-XLIS	PTBCP0AM0015	BCP	B.C.P.-BCO COMERCIAL PORTUGUES	XLIS	2026-09-14	509.0	48754199.0
MIC	XLIS	median_turnover_20d	HIGH	2	PTEDP0AM0009-XLIS	PTEDP0AM0009	EDP	EDP, SA	XLIS	2026-09-14	509.0	31580990.5
MIC	XLIS	median_turnover_20d	HIGH	3	PTGAL0AM0009-XLIS	PTGAL0AM0009	GALP	GALP ENERGIA-NOM	XLIS	2026-09-14	509.0	29702524.5
MIC	XLIS	median_turnover_20d	HIGH	4	PTJMT0AE0001-XLIS	PTJMT0AE0001	JMT	J.MARTINS,SGPS	XLIS	2026-09-14	509.0	23843418.0
MIC	XLIS	median_turnover_20d	HIGH	5	ES0127797019-XLIS	ES0127797019	EDPR	EDP RENEWABLES, SA	XLIS	2026-09-14	509.0	10402639.0
MIC	XLIS	median_vwap_20d	LOW	1	NL0006294274-XLIS	NL0006294274	ENXP	EURONEXT	XLIS	2025-09-25	262.0	0.0
MIC	XLIS	median_vwap_20d	LOW	2	PTESO0AM0000-XLIS	PTESO0AM0000	ESON	Estoril-Sol SGPS-Nominativas	XLIS	2026-09-14	509.0	0.0
MIC	XLIS	median_vwap_20d	LOW	3	PTFXD0AM0018-XLIS	PTFXD0AM0018	FLEXD	FLEXDEAL	XLIS	2026-09-14	509.0	0.0
MIC	XLIS	median_vwap_20d	LOW	4	PTGMC0AM0003-XLIS	PTGMC0AM0003	MCP	Grupo Media Capital,SGPS	XLIS	2026-09-14	509.0	0.0
MIC	XLIS	median_vwap_20d	LOW	5	PTSCT0AP0018-XLIS	PTSCT0AP0018	SCT	Toyota Caetano	XLIS	2026-09-14	509.0	0.0
MIC	XLIS	median_vwap_20d	HIGH	1	PTGAL0AM0009-XLIS	PTGAL0AM0009	GALP	GALP ENERGIA-NOM	XLIS	2026-09-14	509.0	21.37605
MIC	XLIS	median_vwap_20d	HIGH	2	PTSEM0AM0004-XLIS	PTSEM0AM0004	SEM	SEMAPA	XLIS	2026-09-14	509.0	20.72455
MIC	XLIS	median_vwap_20d	HIGH	3	PTJMT0AE0001-XLIS	PTJMT0AE0001	JMT	J.MARTINS,SGPS	XLIS	2026-09-14	509.0	18.0212
MIC	XLIS	median_vwap_20d	HIGH	4	ES0127797019-XLIS	ES0127797019	EDPR	EDP RENEWABLES, SA	XLIS	2026-09-14	509.0	13.46795
MIC	XLIS	median_vwap_20d	HIGH	5	ES0105025003-XLIS	ES0105025003	MRL	MERLIN PROPERTIES	XLIS	2026-09-14	509.0	13.09635
MIC	XMSM	median_shares_20d	LOW	1	GB00BRJQ8J25-XMSM	GB00BRJQ8J25	HMSO	HAMMERSON PLC	XMSM	2026-09-14	509.0	0.0
MIC	XMSM	median_shares_20d	LOW	2	GB00BYYN4225-XMSM	GB00BYYN4225	HSW	HOSTELWORLD GROUP PLC	XMSM	2026-09-14	509.0	0.0
MIC	XMSM	median_shares_20d	LOW	3	IE00BDC5DG00-XMSM	IE00BDC5DG00	KMR	KENMARE RESOURCES PLC	XMSM	2026-09-14	509.0	515.0
MIC	XMSM	median_shares_20d	LOW	4	IE0003290289-XMSM	IE0003290289	EG7	FBD HOLDINGS PLC	XMSM	2026-09-14	509.0	17643.5
MIC	XMSM	median_shares_20d	LOW	5	IE00BLP58571-XMSM	IE00BLP58571	IR5B	IRISH CONTINENTAL GROUP PLC	XMSM	2026-09-14	509.0	157223.0
MIC	XMSM	median_shares_20d	HIGH	1	IE00BF0L3536-XMSM	IE00BF0L3536	A5G	AIB GROUP PLC	XMSM	2026-09-14	509.0	3752442.5
MIC	XMSM	median_shares_20d	HIGH	2	IE00BD1RP616-XMSM	IE00BD1RP616	BIRG	BANK OF IRELAND GROUP PLC	XMSM	2026-09-14	509.0	1761106.0
MIC	XMSM	median_shares_20d	HIGH	3	IE00BYTBXV33-XMSM	IE00BYTBXV33	RYA	RYANAIR HOLDINGS PLC	XMSM	2026-09-14	509.0	1475580.0
MIC	XMSM	median_shares_20d	HIGH	4	IE00BWY4ZF18-XMSM	IE00BWY4ZF18	C5H	CAIRN HOMES PLC	XMSM	2026-09-14	509.0	805564.0
MIC	XMSM	median_shares_20d	HIGH	5	IE00BD6JX574-XMSM	IE00BD6JX574	GVR	GLENVEAGH PROPERTIES PLC	XMSM	2026-09-14	509.0	735700.5
MIC	XMSM	median_trades_20d	LOW	1	GB00BRJQ8J25-XMSM	GB00BRJQ8J25	HMSO	HAMMERSON PLC	XMSM	2026-09-14	509.0	0.0
MIC	XMSM	median_trades_20d	LOW	2	GB00BYYN4225-XMSM	GB00BYYN4225	HSW	HOSTELWORLD GROUP PLC	XMSM	2026-09-14	509.0	0.0
MIC	XMSM	median_trades_20d	LOW	3	IE00BDC5DG00-XMSM	IE00BDC5DG00	KMR	KENMARE RESOURCES PLC	XMSM	2026-09-14	509.0	1.5
MIC	XMSM	median_trades_20d	LOW	4	IE0003290289-XMSM	IE0003290289	EG7	FBD HOLDINGS PLC	XMSM	2026-09-14	509.0	48.0
MIC	XMSM	median_trades_20d	LOW	5	IE00BLP58571-XMSM	IE00BLP58571	IR5B	IRISH CONTINENTAL GROUP PLC	XMSM	2026-09-14	509.0	110.0
MIC	XMSM	median_trades_20d	HIGH	1	IE00BYTBXV33-XMSM	IE00BYTBXV33	RYA	RYANAIR HOLDINGS PLC	XMSM	2026-09-14	509.0	3415.5
MIC	XMSM	median_trades_20d	HIGH	2	IE00BD1RP616-XMSM	IE00BD1RP616	BIRG	BANK OF IRELAND GROUP PLC	XMSM	2026-09-14	509.0	2358.0
MIC	XMSM	median_trades_20d	HIGH	3	IE00BF0L3536-XMSM	IE00BF0L3536	A5G	AIB GROUP PLC	XMSM	2026-09-14	509.0	2154.5
MIC	XMSM	median_trades_20d	HIGH	4	IE0004927939-XMSM	IE0004927939	KRX	KINGSPAN GROUP PLC	XMSM	2026-09-14	509.0	1309.5
MIC	XMSM	median_trades_20d	HIGH	5	IE0004906560-XMSM	IE0004906560	KRZ	KERRY GROUP PLC	XMSM	2026-09-14	509.0	1280.5
MIC	XMSM	median_turnover_20d	LOW	1	GB00BRJQ8J25-XMSM	GB00BRJQ8J25	HMSO	HAMMERSON PLC	XMSM	2026-09-14	509.0	0.0
MIC	XMSM	median_turnover_20d	LOW	2	GB00BYYN4225-XMSM	GB00BYYN4225	HSW	HOSTELWORLD GROUP PLC	XMSM	2026-09-14	509.0	0.0
MIC	XMSM	median_turnover_20d	LOW	3	IE00BDC5DG00-XMSM	IE00BDC5DG00	KMR	KENMARE RESOURCES PLC	XMSM	2026-09-14	509.0	1204.5
MIC	XMSM	median_turnover_20d	LOW	4	IE0003290289-XMSM	IE0003290289	EG7	FBD HOLDINGS PLC	XMSM	2026-09-14	509.0	324189.0
MIC	XMSM	median_turnover_20d	LOW	5	IE00BJ34P519-XMSM	IE00BJ34P519	IRES	IRISH RESIDENTIAL PROPERTIES REIT PLC	XMSM	2026-09-14	509.0	758898.5
MIC	XMSM	median_turnover_20d	HIGH	1	IE00BF0L3536-XMSM	IE00BF0L3536	A5G	AIB GROUP PLC	XMSM	2026-09-14	509.0	41638760.5
MIC	XMSM	median_turnover_20d	HIGH	2	IE00BYTBXV33-XMSM	IE00BYTBXV33	RYA	RYANAIR HOLDINGS PLC	XMSM	2026-09-14	509.0	34210202.0
MIC	XMSM	median_turnover_20d	HIGH	3	IE00BD1RP616-XMSM	IE00BD1RP616	BIRG	BANK OF IRELAND GROUP PLC	XMSM	2026-09-14	509.0	33728662.5
MIC	XMSM	median_turnover_20d	HIGH	4	IE0004927939-XMSM	IE0004927939	KRX	KINGSPAN GROUP PLC	XMSM	2026-09-14	509.0	31545750.5
MIC	XMSM	median_turnover_20d	HIGH	5	IE0004906560-XMSM	IE0004906560	KRZ	KERRY GROUP PLC	XMSM	2026-09-14	509.0	20515138.0
MIC	XMSM	median_vwap_20d	LOW	1	GB00BRJQ8J25-XMSM	GB00BRJQ8J25	HMSO	HAMMERSON PLC	XMSM	2026-09-14	509.0	0.0
MIC	XMSM	median_vwap_20d	LOW	2	GB00BYYN4225-XMSM	GB00BYYN4225	HSW	HOSTELWORLD GROUP PLC	XMSM	2026-09-14	509.0	0.0
MIC	XMSM	median_vwap_20d	LOW	3	IE00BJ34P519-XMSM	IE00BJ34P519	IRES	IRISH RESIDENTIAL PROPERTIES REIT PLC	XMSM	2026-09-14	509.0	1.0831
MIC	XMSM	median_vwap_20d	LOW	4	IE00BDC5DG00-XMSM	IE00BDC5DG00	KMR	KENMARE RESOURCES PLC	XMSM	2026-09-14	509.0	2.18
MIC	XMSM	median_vwap_20d	LOW	5	IE00BD6JX574-XMSM	IE00BD6JX574	GVR	GLENVEAGH PROPERTIES PLC	XMSM	2026-09-14	509.0	2.4518
MIC	XMSM	median_vwap_20d	HIGH	1	IE0004927939-XMSM	IE0004927939	KRX	KINGSPAN GROUP PLC	XMSM	2026-09-14	509.0	102.40695
MIC	XMSM	median_vwap_20d	HIGH	2	IE0004906560-XMSM	IE0004906560	KRZ	KERRY GROUP PLC	XMSM	2026-09-14	509.0	84.02135
MIC	XMSM	median_vwap_20d	HIGH	3	IE00BYTBXV33-XMSM	IE00BYTBXV33	RYA	RYANAIR HOLDINGS PLC	XMSM	2026-09-14	509.0	22.92085
MIC	XMSM	median_vwap_20d	HIGH	4	IE0000669501-XMSM	IE0000669501	GL9	GLANBIA PLC	XMSM	2026-09-14	509.0	22.26315
MIC	XMSM	median_vwap_20d	HIGH	5	IE00BD1RP616-XMSM	IE00BD1RP616	BIRG	BANK OF IRELAND GROUP PLC	XMSM	2026-09-14	509.0	19.218400000000003
MIC	XOSL	median_shares_20d	LOW	1	NO0010788268-XOSL	NO0010788268	TRSB	TRØNDELAG SPAREBANK	XOSL	2026-09-14	442.0	0.5
MIC	XOSL	median_shares_20d	LOW	2	NO0004288200-XOSL	NO0004288200	GYL	GYLDENDAL	XOSL	2026-09-14	509.0	3.0
MIC	XOSL	median_shares_20d	LOW	3	NO0012706763-XOSL	NO0012706763	BIEN	BIEN SPAREBANK ASA	XOSL	2026-09-14	509.0	10.0
MIC	XOSL	median_shares_20d	LOW	4	NO0010012636-XOSL	NO0010012636	HSPG	HØLAND OG SETSKOG SPAREBANK	XOSL	2026-09-14	509.0	25.0
MIC	XOSL	median_shares_20d	LOW	5	NO0006000603-XOSL	NO0006000603	SOGN	SOGN SPAREBANK	XOSL	2026-09-14	509.0	26.0
MIC	XOSL	median_shares_20d	HIGH	1	NO0013033795-XOSL	NO0013033795	CRNA	CIRCIO HOLDING ASA	XOSL	2026-09-14	509.0	10979245.0
MIC	XOSL	median_shares_20d	HIGH	2	NO0010597883-XOSL	NO0010597883	TRMED	THOR MEDICAL ASA	XOSL	2026-09-14	509.0	6071237.0
MIC	XOSL	median_shares_20d	HIGH	3	NO0011202772-XOSL	NO0011202772	VAR	VÅR ENERGI ASA	XOSL	2026-09-14	509.0	5926933.5
MIC	XOSL	median_shares_20d	HIGH	4	NO0010196140-XOSL	NO0010196140	NAS	NORWEGIAN AIR SHUTTLE	XOSL	2026-09-14	509.0	4814885.0
MIC	XOSL	median_shares_20d	HIGH	5	BMG0670A1099-XOSL	BMG0670A1099	AUTO	AUTOSTORE HOLDINGS LTD.	XOSL	2026-09-14	509.0	4272784.5
MIC	XOSL	median_trades_20d	LOW	1	NO0010788268-XOSL	NO0010788268	TRSB	TRØNDELAG SPAREBANK	XOSL	2026-09-14	442.0	0.5
MIC	XOSL	median_trades_20d	LOW	2	NO0012706763-XOSL	NO0012706763	BIEN	BIEN SPAREBANK ASA	XOSL	2026-09-14	509.0	0.5
MIC	XOSL	median_trades_20d	LOW	3	NO0004288200-XOSL	NO0004288200	GYL	GYLDENDAL	XOSL	2026-09-14	509.0	1.0
MIC	XOSL	median_trades_20d	LOW	4	NO0010012636-XOSL	NO0010012636	HSPG	HØLAND OG SETSKOG SPAREBANK	XOSL	2026-09-14	509.0	1.0
MIC	XOSL	median_trades_20d	LOW	5	NO0010764053-XOSL	NO0010764053	HGSB	HAUGESUND SPAREBANK	XOSL	2026-09-14	509.0	2.0
MIC	XOSL	median_trades_20d	HIGH	1	NO0010096985-XOSL	NO0010096985	EQNR	EQUINOR	XOSL	2026-09-14	509.0	6730.0
MIC	XOSL	median_trades_20d	HIGH	2	NO0011202772-XOSL	NO0011202772	VAR	VÅR ENERGI ASA	XOSL	2026-09-14	509.0	3860.5
MIC	XOSL	median_trades_20d	HIGH	3	CY0200352116-XOSL	CY0200352116	FRO	FRONTLINE PLC	XOSL	2026-09-14	509.0	3261.5
MIC	XOSL	median_trades_20d	HIGH	4	NO0013536151-XOSL	NO0013536151	KOG	KONGSBERG GRUPPEN	XOSL	2026-09-14	509.0	3242.5
MIC	XOSL	median_trades_20d	HIGH	5	NO0005052605-XOSL	NO0005052605	NHY	NORSK HYDRO	XOSL	2026-09-14	509.0	2900.5
MIC	XOSL	median_turnover_20d	LOW	1	NO0010788268-XOSL	NO0010788268	TRSB	TRØNDELAG SPAREBANK	XOSL	2026-09-14	442.0	54.5
MIC	XOSL	median_turnover_20d	LOW	2	NO0004288200-XOSL	NO0004288200	GYL	GYLDENDAL	XOSL	2026-09-14	509.0	1299.0
MIC	XOSL	median_turnover_20d	LOW	3	NO0012706763-XOSL	NO0012706763	BIEN	BIEN SPAREBANK ASA	XOSL	2026-09-14	509.0	1440.0
MIC	XOSL	median_turnover_20d	LOW	4	NO0010012636-XOSL	NO0010012636	HSPG	HØLAND OG SETSKOG SPAREBANK	XOSL	2026-09-14	509.0	3627.5
MIC	XOSL	median_turnover_20d	LOW	5	NO0006000603-XOSL	NO0006000603	SOGN	SOGN SPAREBANK	XOSL	2026-09-14	509.0	8578.0
MIC	XOSL	median_turnover_20d	HIGH	1	NO0010096985-XOSL	NO0010096985	EQNR	EQUINOR	XOSL	2026-09-14	509.0	842181754.0
MIC	XOSL	median_turnover_20d	HIGH	2	CY0200352116-XOSL	CY0200352116	FRO	FRONTLINE PLC	XOSL	2026-09-14	509.0	394027678.0
MIC	XOSL	median_turnover_20d	HIGH	3	NO0010161896-XOSL	NO0010161896	DNB	DNB BANK ASA	XOSL	2026-09-14	509.0	389814632.5
MIC	XOSL	median_turnover_20d	HIGH	4	NO0011202772-XOSL	NO0011202772	VAR	VÅR ENERGI ASA	XOSL	2026-09-14	509.0	307387138.5
MIC	XOSL	median_turnover_20d	HIGH	5	NO0013536151-XOSL	NO0013536151	KOG	KONGSBERG GRUPPEN	XOSL	2026-09-14	509.0	288982030.0
MIC	XOSL	median_vwap_20d	LOW	1	NO0013740142-XOSL	NO0013740142	NEXT	NEXT BIOMETRICS GROUP	XOSL	2026-09-14	509.0	0.2666
MIC	XOSL	median_vwap_20d	LOW	2	NO0013355859-XOSL	NO0013355859	LIFE	LIFECARE ASA	XOSL	2026-09-14	509.0	0.2873
MIC	XOSL	median_vwap_20d	LOW	3	NO0010358484-XOSL	NO0010358484	VOIM	VOIM ASA	XOSL	2026-09-14	509.0	0.3686
MIC	XOSL	median_vwap_20d	LOW	4	NO0010892359-XOSL	NO0010892359	HYPRO	HYDROGENPRO ASA	XOSL	2026-09-14	509.0	0.518
MIC	XOSL	median_vwap_20d	LOW	5	NO0013186460-XOSL	NO0013186460	ENSU	ENSURGE MICROPOWER ASA	XOSL	2026-09-14	509.0	0.6368
MIC	XOSL	median_vwap_20d	HIGH	1	NO0010234552-XOSL	NO0010234552	AKER	AKER	XOSL	2026-09-14	509.0	1561.8539500000002
MIC	XOSL	median_vwap_20d	HIGH	2	NO0010571698-XOSL	NO0010571698	WWI	WILH. WILHELMSEN HOLDING SER. A	XOSL	2026-09-14	509.0	816.6724
MIC	XOSL	median_vwap_20d	HIGH	3	NO0010576010-XOSL	NO0010576010	WWIB	WILH. WILHELMSEN HOLDING SER. B	XOSL	2026-09-14	509.0	759.7179
MIC	XOSL	median_vwap_20d	HIGH	4	MHY641771016-XOSL	MHY641771016	OET	OKEANIS ECO TANKERS	XOSL	2026-09-14	509.0	624.6085
MIC	XOSL	median_vwap_20d	HIGH	5	NO0010310956-XOSL	NO0010310956	SALM	SALMAR	XOSL	2026-09-14	509.0	561.2869499999999
MIC	XPAR	median_shares_20d	LOW	1	BE0974269012-XPAR	BE0974269012	ALDV	ADC SIIC	XPAR	2026-09-14	509.0	0.0
MIC	XPAR	median_shares_20d	LOW	2	BMG9887P1068-XPAR	BMG9887P1068	CV	ZCI Limited	XPAR	2026-09-14	509.0	0.0
MIC	XPAR	median_shares_20d	LOW	3	CH0008175645-XPAR	CH0008175645	TVRB	TELEVERBIER	XPAR	2026-09-14	509.0	0.0
MIC	XPAR	median_shares_20d	LOW	4	CI0000053161-XPAR	CI0000053161	FORE	FORESTIERE EQUATORIALE	XPAR	2026-09-14	509.0	0.0
MIC	XPAR	median_shares_20d	LOW	5	FR0000037475-XPAR	FR0000037475	CFI	CFI	XPAR	2026-09-14	509.0	0.0
MIC	XPAR	median_shares_20d	HIGH	1	NL00150001Q9-XPAR	NL00150001Q9	STLAP	STELLANTIS NV	XPAR	2026-09-14	509.0	4408630.5
MIC	XPAR	median_shares_20d	HIGH	2	FR0000133308-XPAR	FR0000133308	ORA	ORANGE	XPAR	2026-09-14	509.0	4166550.5
MIC	XPAR	median_shares_20d	HIGH	3	FR0000045072-XPAR	FR0000045072	ACA	CREDIT AGRICOLE	XPAR	2026-09-14	509.0	3572520.0
MIC	XPAR	median_shares_20d	HIGH	4	FR0000120271-XPAR	FR0000120271	TTE	TOTALENERGIES	XPAR	2026-09-14	509.0	3341625.5
MIC	XPAR	median_shares_20d	HIGH	5	FR0010208488-XPAR	FR0010208488	ENGI	ENGIE	XPAR	2026-09-14	509.0	3333271.5
MIC	XPAR	median_trades_20d	LOW	1	BE0974269012-XPAR	BE0974269012	ALDV	ADC SIIC	XPAR	2026-09-14	509.0	0.0
MIC	XPAR	median_trades_20d	LOW	2	BMG9887P1068-XPAR	BMG9887P1068	CV	ZCI Limited	XPAR	2026-09-14	509.0	0.0
MIC	XPAR	median_trades_20d	LOW	3	CH0008175645-XPAR	CH0008175645	TVRB	TELEVERBIER	XPAR	2026-09-14	509.0	0.0
MIC	XPAR	median_trades_20d	LOW	4	CI0000053161-XPAR	CI0000053161	FORE	FORESTIERE EQUATORIALE	XPAR	2026-09-14	509.0	0.0
MIC	XPAR	median_trades_20d	LOW	5	FR0000037475-XPAR	FR0000037475	CFI	CFI	XPAR	2026-09-14	509.0	0.0
MIC	XPAR	median_trades_20d	HIGH	1	NL0000226223-XPAR	NL0000226223	STMPA	STMICROELECTRONICS	XPAR	2026-09-14	509.0	23401.0
MIC	XPAR	median_trades_20d	HIGH	2	FR0000120271-XPAR	FR0000120271	TTE	TOTALENERGIES	XPAR	2026-09-14	509.0	16828.5
MIC	XPAR	median_trades_20d	HIGH	3	FR0000121014-XPAR	FR0000121014	MC	LVMH	XPAR	2026-09-14	509.0	16763.5
MIC	XPAR	median_trades_20d	HIGH	4	FR0000130809-XPAR	FR0000130809	GLE	SOCIETE GENERALE	XPAR	2026-09-14	509.0	14364.5
MIC	XPAR	median_trades_20d	HIGH	5	FR0000121972-XPAR	FR0000121972	SU	SCHNEIDER ELECTRIC SE	XPAR	2026-09-14	509.0	11405.0
MIC	XPAR	median_turnover_20d	LOW	1	BE0974269012-XPAR	BE0974269012	ALDV	ADC SIIC	XPAR	2026-09-14	509.0	0.0
MIC	XPAR	median_turnover_20d	LOW	2	BMG9887P1068-XPAR	BMG9887P1068	CV	ZCI Limited	XPAR	2026-09-14	509.0	0.0
MIC	XPAR	median_turnover_20d	LOW	3	CH0008175645-XPAR	CH0008175645	TVRB	TELEVERBIER	XPAR	2026-09-14	509.0	0.0
MIC	XPAR	median_turnover_20d	LOW	4	CI0000053161-XPAR	CI0000053161	FORE	FORESTIERE EQUATORIALE	XPAR	2026-09-14	509.0	0.0
MIC	XPAR	median_turnover_20d	LOW	5	FR0000037475-XPAR	FR0000037475	CFI	CFI	XPAR	2026-09-14	509.0	0.0
MIC	XPAR	median_turnover_20d	HIGH	1	FR0000120271-XPAR	FR0000120271	TTE	TOTALENERGIES	XPAR	2026-09-14	509.0	261351201.5
MIC	XPAR	median_turnover_20d	HIGH	2	FR0000121014-XPAR	FR0000121014	MC	LVMH	XPAR	2026-09-14	509.0	206422001.5
MIC	XPAR	median_turnover_20d	HIGH	3	FR0000121972-XPAR	FR0000121972	SU	SCHNEIDER ELECTRIC SE	XPAR	2026-09-14	509.0	181068157.5
MIC	XPAR	median_turnover_20d	HIGH	4	FR0000131104-XPAR	FR0000131104	BNP	BNP PARIBAS ACT.A	XPAR	2026-09-14	509.0	162796403.5
MIC	XPAR	median_turnover_20d	HIGH	5	NL0000235190-XPAR	NL0000235190	AIR	AIRBUS SE	XPAR	2026-09-14	509.0	157078602.0
MIC	XPAR	median_vwap_20d	LOW	1	BE0974269012-XPAR	BE0974269012	ALDV	ADC SIIC	XPAR	2026-09-14	509.0	0.0
MIC	XPAR	median_vwap_20d	LOW	2	BMG9887P1068-XPAR	BMG9887P1068	CV	ZCI Limited	XPAR	2026-09-14	509.0	0.0
MIC	XPAR	median_vwap_20d	LOW	3	CH0008175645-XPAR	CH0008175645	TVRB	TELEVERBIER	XPAR	2026-09-14	509.0	0.0
MIC	XPAR	median_vwap_20d	LOW	4	CI0000053161-XPAR	CI0000053161	FORE	FORESTIERE EQUATORIALE	XPAR	2026-09-14	509.0	0.0
MIC	XPAR	median_vwap_20d	LOW	5	FR0000037475-XPAR	FR0000037475	CFI	CFI	XPAR	2026-09-14	509.0	0.0
MIC	XPAR	median_vwap_20d	HIGH	1	FR0000062101-XPAR	FR0000062101	FCMC	FERM.CASINO MUNICIPAL CANNES	XPAR	2026-09-14	509.0	2783.33335
MIC	XPAR	median_vwap_20d	HIGH	2	FR0000052292-XPAR	FR0000052292	RMS	HERMES INTL	XPAR	2026-09-14	509.0	1548.7568
MIC	XPAR	median_vwap_20d	HIGH	3	FR0000062234-XPAR	FR0000062234	ODET	ODET(COMPAGNIE DE L-)	XPAR	2026-09-14	509.0	1311.4353
MIC	XPAR	median_vwap_20d	HIGH	4	FR0000065260-XPAR	FR0000065260	DPAM	DOCK.PETR.AMBES AM	XPAR	2026-09-14	509.0	855.0
MIC	XPAR	median_vwap_20d	HIGH	5	FR0000039091-XPAR	FR0000039091	RBT	ROBERTET	XPAR	2026-09-14	509.0	788.78
