scope	reference_mic	metric	comparability	rows	non_null	missing	mean	std	q00	q01	q05	q10	q25	q50	q75	q90	q95	q99	q100
GLOBAL		available_sessions	cross_market	970	970	0	647.4814432989691	301.13686235997704	12.0	193.21	509.0	509.0	509.0	509.0	509.0	1270.0	1270.0	1270.0	1270.0
GLOBAL		momentum_1m	cross_market	970	969	1	-0.014906671963998953	0.2506661326816591	-0.5014577259475219	-0.2481225945206378	-0.1516325383650678	-0.11909784699385738	-0.0735068912710565	-0.0260869565217392	0.0105421686746987	0.06384897352603204	0.12262385321100894	0.42450777202072415	6.991994532373396
GLOBAL		momentum_3m	cross_market	970	968	2	0.0019061326495672238	0.3074432630976598	-0.999586776859504	-0.4943059490084985	-0.26048699321385066	-0.19117479470420645	-0.10119834346638468	-0.01400870877908145	0.06681359505521987	0.17672033802383758	0.27772269436575386	0.7217354385964938	6.89906627588987
GLOBAL		momentum_6m	cross_market	970	963	7	0.041802924735876504	0.33683505623551013	-0.9996396396396396	-0.6425314020226202	-0.3411082819619405	-0.24112940269137634	-0.11040407205288436	0.0045011252813202	0.1460907038785143	0.33369642037325975	0.49314686141333686	1.0276493154541935	4.831070535399513
GLOBAL		volatility_60d_annualized	cross_market	970	968	2	0.3626747161240911	0.407143317432166	0.0	0.0	0.12662411791899336	0.15464516252907723	0.2094996593803155	0.28499685812603504	0.4016327745308596	0.5906964525303067	0.7589498992143214	1.5477051816394292	9.001605941415452
GLOBAL		current_drawdown_252d	cross_market	970	956	14	-0.2114746455736312	0.18632303999032188	-0.9996396396396396	-0.8963717102219403	-0.5778616531358306	-0.46686507936507937	-0.29392907933695467	-0.1585455017989046	-0.07388124898213799	-0.02859303466317855	-0.010034559045918375	0.0	0.0
GLOBAL		max_drawdown_252d	cross_market	970	956	14	-0.2933970503146999	0.17521991678683768	-0.9996396396396396	-0.9056075535842341	-0.6312310449407224	-0.5308057456629	-0.37577126703487046	-0.25323352460069365	-0.170894261625886	-0.12312716842928506	-0.0949999999999999	0.0	0.0
MIC	MTAA	available_sessions	cross_market	200	200	0	1213.69	158.882795207868	45.0	521.61	947.95	1111.2	1245.75	1270.0	1270.0	1270.0	1270.0	1270.0	1270.0
MIC	MTAA	momentum_1m	cross_market	200	200	0	-0.027292483687952836	0.08775522270821223	-0.2656716417910448	-0.2036182971756037	-0.1500131810193321	-0.11339228317501977	-0.07089926393083992	-0.03139849358002215	0.003191625918695125	0.05011182108626198	0.11029219805486916	0.23720183548107174	0.6339869281045754
MIC	MTAA	momentum_3m	cross_market	200	199	1	-0.028745151944100614	0.19942231492062543	-0.7340909090909091	-0.4080413022648971	-0.2492736362846899	-0.19838574827963212	-0.12133637476354735	-0.0412147505422993	0.03806151148970955	0.1380252337501408	0.19922454796143102	0.4645545289939182	1.6666666666666663
MIC	MTAA	momentum_6m	cross_market	200	199	1	0.08378374975505808	0.3463246044838821	-0.8546583850931677	-0.6841944290721269	-0.29472145122918314	-0.20941968040370046	-0.0836547730272426	0.0322085889570553	0.20536794531312805	0.4177159674534018	0.6139708421254555	1.0784022622835039	2.3136966126656846
MIC	MTAA	volatility_60d_annualized	cross_market	200	199	1	0.34166217496337103	0.2465214248017432	0.0195947552760939	0.0779997341573193	0.1462900086381253	0.1812238302398003	0.22091275775923125	0.2819539031279008	0.36905552150201837	0.49522344126105067	0.7062896164119606	1.516881341531485	1.9575932933728293
MIC	MTAA	current_drawdown_252d	cross_market	200	199	1	-0.2239663138564695	0.19121130681048246	-0.9683339330694496	-0.9057398018273066	-0.5885478365315239	-0.44670260475156054	-0.30426473364291917	-0.167032967032967	-0.08569221967963381	-0.035099719579631435	-0.025468017793001674	-0.006468646864686302	0.0
MIC	MTAA	max_drawdown_252d	cross_market	200	199	1	-0.3086452759249173	0.17796540805083663	-0.9877653832313782	-0.9329253932272851	-0.6743074691947863	-0.5150970405883707	-0.370850201345157	-0.269090909090909	-0.19014403829416876	-0.13984928672628724	-0.11476397116223543	-0.08432473280794517	-0.0152547427374724
MIC	MTAA	median_shares_20d	within_mic_diagnostic_only	200	200	0	1389825.5244999998	5192420.603346848	105.0	289.66	1744.2500000000002	2780.3500000000004	13518.5	90271.75	434240.75	2808461.949999998	6446620.874999993	34027943.65999998	47508377.0
MIC	MTAA	median_trades_20d	within_mic_diagnostic_only	200	200	0	1134.515	2567.212377606042	1.0	1.995	5.0	8.450000000000001	42.5	245.5	770.25	2684.8999999999996	6191.799999999984	12264.02499999999	19561.0
MIC	MTAA	median_turnover_20d	within_mic_diagnostic_only	200	200	0	12730281.613923125	37814261.8829494	244.73	911.71045	2248.5185000000006	4851.122	46391.015	487543.4925	4053398.26	25955138.3295	76289761.1870623	187040722.00984946	275993577.93
MIC	MTAA	median_vwap_20d	within_mic_diagnostic_only	200	200	0	16.520657415000002	32.419099825945686	0.0078605	0.018077375	0.1303419	0.50527865	1.8940100000000002	6.0717187500000005	19.16294125	42.60159984999999	63.533780399999955	120.89960535999998	357.1057545
MIC	XAMS	available_sessions	cross_market	117	117	0	493.8034188034188	67.72577048813119	109.0	149.04	437.0	509.0	509.0	509.0	509.0	509.0	509.0	509.0	509.0
MIC	XAMS	momentum_1m	cross_market	117	117	0	-0.02649178404067474	0.08657876045678677	-0.3154172560113154	-0.24051582918752992	-0.16115342131271432	-0.12591511154981103	-0.0594685786587937	-0.0172576090367116	0.0134709085697908	0.03900740823260735	0.07887263707125111	0.2079937666245738	0.4375
MIC	XAMS	momentum_3m	cross_market	117	117	0	-0.0011445699679048665	0.17070900034546574	-0.4444444444444444	-0.4257315278438026	-0.291995730784277	-0.20300641673916597	-0.0839071665391482	0.0	0.0743801652892561	0.1594853480661428	0.2786324786324785	0.4242370069409176	0.796875
MIC	XAMS	momentum_6m	cross_market	117	116	1	0.04514737804799869	0.2432860124219642	-0.4497557571528262	-0.4140457445604504	-0.2643968253968254	-0.2178088854538671	-0.10969894222945467	0.009837141258981899	0.1666568543695027	0.30958083740690984	0.4398490677260451	0.7958784225832721	1.2593320235756384
MIC	XAMS	volatility_60d_annualized	cross_market	117	117	0	0.30881732968865455	0.19539940953622162	0.0	0.0	0.0	0.12262715162326576	0.1878164279686376	0.2703892422124284	0.4193860827377351	0.5579323112412007	0.596673484596842	0.800952517482863	1.249492677357302
MIC	XAMS	current_drawdown_252d	cross_market	117	113	4	-0.17979071737787622	0.16133680277412124	-0.6383928571428572	-0.6139062424935385	-0.48218616896243716	-0.42235757013863984	-0.2813620071684588	-0.1361111111111111	-0.0509554140127389	-0.007249373433583901	0.0	0.0	0.0
MIC	XAMS	max_drawdown_252d	cross_market	117	113	4	-0.25883268234149376	0.15551971590743105	-0.6741071428571429	-0.6154064263395981	-0.5430972388955582	-0.49614840159119483	-0.3379310344827586	-0.2405660377358489	-0.1622047244094487	-0.07538474476494823	0.0	0.0	0.0
MIC	XAMS	median_shares_20d	within_mic_diagnostic_only	117	117	0	487096.9871794872	1254389.7196122343	0.0	0.0	0.0	0.0	1429.0	55132.5	365020.5	1174934.8000000012	2443575.399999997	5500363.540000003	9104340.5
MIC	XAMS	median_trades_20d	within_mic_diagnostic_only	117	117	0	1575.0384615384614	4008.8396674239057	0.0	0.0	0.0	0.0	7.0	313.0	1385.5	3883.6000000000035	6897.399999999995	11480.820000000003	37165.0
MIC	XAMS	median_turnover_20d	within_mic_diagnostic_only	117	117	0	19627281.73931624	69236448.67196046	0.0	0.0	0.0	0.0	8701.0	673293.5	9732315.5	52728585.20000002	87595918.79999998	170885574.8400001	686274207.5
MIC	XAMS	median_vwap_20d	within_mic_diagnostic_only	117	117	0	54.29959786324787	183.63303624499974	0.0	0.0	0.0	0.0	2.00305	13.991	39.0914	74.67728000000002	93.40826999999994	1011.1424380000008	1494.4387
MIC	XBRU	available_sessions	cross_market	103	103	0	504.0873786407767	35.719524730638234	208.0	308.1	509.0	509.0	509.0	509.0	509.0	509.0	509.0	509.0	509.0
MIC	XBRU	momentum_1m	cross_market	103	103	0	-0.01793653798638239	0.06407357687533197	-0.2164179104477611	-0.18612188022542894	-0.11279760351540064	-0.09513947346205333	-0.047410118008329144	-0.0178253119429591	0.00648913569340145	0.03526435542781854	0.10300069864927781	0.16139719382896303	0.1884415228704463
MIC	XBRU	momentum_3m	cross_market	103	103	0	-0.045035191823944075	0.16085215230580932	-0.999586776859504	-0.4137122844827586	-0.25229400074665415	-0.16530507131537248	-0.1026848731022959	-0.0424999999999999	0.01797841537246645	0.1355150295691427	0.18609039052215856	0.29168052132503447	0.3640226628895184
MIC	XBRU	momentum_6m	cross_market	103	103	0	-0.01672301318523314	0.270328376883383	-0.9996396396396396	-0.5509674329501916	-0.40319875776397507	-0.2949131974541222	-0.16201781637041335	-0.0451467268623024	0.11462514417531715	0.2713063392601546	0.40831514230450383	0.7789492072069323	0.9107142857142858
MIC	XBRU	volatility_60d_annualized	cross_market	103	103	0	0.3083650952973937	0.24703653443605464	0.0	0.0017171515643219456	0.10163263649694694	0.13109351883875192	0.17308145936832225	0.2592097448353266	0.3851013304015666	0.5010725289192911	0.6416126096974056	1.0506144188753155	2.053369476050008
MIC	XBRU	current_drawdown_252d	cross_market	103	102	1	-0.22302286042680067	0.2069686453851601	-0.9996396396396396	-0.8857731000943602	-0.6636225506879952	-0.5051567910734898	-0.286809074350058	-0.1545917278795452	-0.08176970256187582	-0.027209491960991025	-0.020272435897435916	-0.0075336991126464855	-0.0047619047619048
MIC	XBRU	max_drawdown_252d	cross_market	103	102	1	-0.28325926142573155	0.19218216818679004	-0.9996396396396396	-0.9033811424838498	-0.67726381232565	-0.5791119111911192	-0.32531887480108823	-0.22559286827072875	-0.1461517286941202	-0.11834566485039674	-0.10812148139885791	-0.07566133093960212	-0.0386597938144329
MIC	XBRU	median_shares_20d	within_mic_diagnostic_only	103	103	0	61399.57281553398	169274.75413356093	0.0	0.0	0.0	41.700000000000045	712.75	8191.0	56460.75	147850.89999999997	245794.7999999999	394539.9300000003	1568361.5
MIC	XBRU	median_trades_20d	within_mic_diagnostic_only	103	103	0	373.1650485436893	832.680953625772	0.0	0.0	0.0	3.1000000000000005	10.75	102.0	422.25	860.9999999999999	1211.6999999999996	4863.93000000001	6148.5
MIC	XBRU	median_turnover_20d	within_mic_diagnostic_only	103	103	0	3749885.4077669904	13389863.405064825	0.0	0.0	0.0	1663.2	10559.0	147149.0	1532210.25	7122010.599999999	9458323.049999995	62379783.57000007	106899481.5
MIC	XBRU	median_vwap_20d	within_mic_diagnostic_only	103	103	0	185.54124320388354	1225.4375442803525	0.0	0.0	0.0	0.30018000000000017	3.8575999999999997	22.2096	67.032025	183.9885	294.01649499999974	873.9322390000004	12432.59095
MIC	XLIS	available_sessions	cross_market	33	33	0	501.5151515151515	42.997181021057365	262.0	341.04	509.0	509.0	509.0	509.0	509.0	509.0	509.0	509.0	509.0
MIC	XLIS	momentum_1m	cross_market	33	33	0	-0.005685783795401731	0.05334422530546033	-0.1715976331360946	-0.16227421902493713	-0.11614593351836075	-0.05216262111677144	-0.0112359550561798	0.0	0.0127118644067798	0.052907058437807394	0.0674724882251834	0.08640486858904861	0.0901402640264026
MIC	XLIS	momentum_3m	cross_market	33	33	0	-0.002711664293191853	0.09023386847538253	-0.2245153220762976	-0.2094928489184244	-0.12702803738317747	-0.09237764550264538	-0.06	0.0093457943925234	0.027327935222672	0.09682964539242907	0.15650575902406644	0.20937719259357773	0.2315068493150684
MIC	XLIS	momentum_6m	cross_market	33	33	0	-0.0036944616738894573	0.12002501269932599	-0.2177777777777777	-0.2098073532398943	-0.16805717134784773	-0.11844613874285494	-0.06640625	-0.0039505563694723	0.030456852791878	0.08636013182326278	0.11887301191367045	0.37050376632710186	0.4852978135209851
MIC	XLIS	volatility_60d_annualized	cross_market	33	33	0	0.2587392643774292	0.17543960607267453	0.0	0.014103330086482015	0.06595911931472344	0.12381115540035421	0.1809994623272984	0.2195818361033001	0.2656689652537868	0.46402880694320264	0.5879998158223569	0.8397268608766659	0.9004271917308211
MIC	XLIS	current_drawdown_252d	cross_market	33	33	0	-0.14057933025243582	0.11328274722321775	-0.3894601542416452	-0.3811965412479551	-0.35788697788697793	-0.3332440191387559	-0.213713268032057	-0.11875	-0.0447154471544715	-0.029164517792676575	-0.0040336134453781295	0.0	0.0
MIC	XLIS	max_drawdown_252d	cross_market	33	33	0	-0.20712004263527103	0.10877722675431523	-0.4852185089974292	-0.45096676793643364	-0.3766781326781327	-0.3712918660287081	-0.2589473684210526	-0.1868852459016393	-0.1354838709677419	-0.07504611665924552	-0.05966386554621855	-0.017142857142857168	0.0
MIC	XLIS	median_shares_20d	within_mic_diagnostic_only	33	33	0	1934437.4090909092	7440973.417716305	0.0	0.0	0.0	0.0	313.5	21955.0	761026.5	1523851.0	5634597.699999997	31133513.239999987	42608319.0
MIC	XLIS	median_trades_20d	within_mic_diagnostic_only	33	33	0	437.3181818181818	735.0374545960844	0.0	0.0	0.0	0.0	4.0	54.5	398.0	1459.3000000000004	2273.2	2606.74	2708.5
MIC	XLIS	median_turnover_20d	within_mic_diagnostic_only	33	33	0	5083927.681818182	11414637.204500677	0.0	0.0	0.0	0.0	3055.0	68240.0	2297480.0	21155262.20000001	30453910.9	43258772.279999994	48754199.0
MIC	XLIS	median_vwap_20d	within_mic_diagnostic_only	33	33	0	5.214231818181819	5.9905971750242974	0.0	0.0	0.0	0.0	0.975	3.2517500000000004	6.849349999999999	13.39363	19.102539999999998	21.16757	21.37605
MIC	XMSM	available_sessions	cross_market	16	16	0	477.9375	124.25	12.0	86.55	384.75	509.0	509.0	509.0	509.0	509.0	509.0	509.0	509.0
MIC	XMSM	momentum_1m	cross_market	16	15	1	-0.01951109322958077	0.06127009452722604	-0.1499999999999999	-0.1413360655737704	-0.10668032786885231	-0.08351401374933883	-0.0607712948947295	-0.0071428571428571	0.0106015485407979	0.05712013754566953	0.06723686477174855	0.07521481481481475	0.0772093023255813
MIC	XMSM	momentum_3m	cross_market	16	15	1	0.047215096323229275	0.1181768888292383	-0.1774193548387096	-0.1702798991856326	-0.14172207657332464	-0.10044410975303628	-0.02980023852116875	0.0784883720930234	0.11870075323683565	0.16646065397053533	0.20312655774023802	0.24954250900027677	0.2611464968152865
MIC	XMSM	momentum_6m	cross_market	16	15	1	0.15259375949111537	0.15578417374675327	-0.1639344262295081	-0.1567810547232462	-0.1281675686981985	-0.08828212741734484	0.08973462435000895	0.1991150442477878	0.2658609281245585	0.3038761857185061	0.3160151498957582	0.32710344491691107	0.3298755186721993
MIC	XMSM	volatility_60d_annualized	cross_market	16	15	1	0.3097832892520606	0.16099696780832587	0.0937073458930878	0.09959585188400029	0.12314987584765028	0.14247844840303345	0.2198673078847749	0.2491112720700151	0.42642904336971543	0.5343266352614378	0.568585427004701	0.6049729167282711	0.6140697891591637
MIC	XMSM	current_drawdown_252d	cross_market	16	15	1	-0.10200805725688765	0.1155564097552415	-0.4456521739130434	-0.4193235989612801	-0.31400929915422665	-0.2067284675980327	-0.1164993195777704	-0.0866873065015478	-0.02163396892238475	-0.008847358643961722	-0.004662923839487393	-0.0029476981180234798	-0.0025188916876575
MIC	XMSM	max_drawdown_252d	cross_market	16	15	1	-0.17685511271408075	0.10131080941868455	-0.4456521739130434	-0.4264055236532676	-0.3494189226141645	-0.29127870008373147	-0.21355922255202825	-0.1433021806853582	-0.1296702000461108	-0.10245454545454544	-0.07535245901639342	-0.03867704918032783	-0.0295081967213114
MIC	XMSM	median_shares_20d	within_mic_diagnostic_only	16	15	1	703481.0333333333	999093.8168326492	0.0	0.0	0.0	206.00000000000006	87433.25	306603.0	770632.25	1646895.5999999999	2358506.949999998	3473655.3899999987	3752442.5
MIC	XMSM	median_trades_20d	within_mic_diagnostic_only	16	15	1	820.5	1061.5842944795831	0.0	0.0	0.0	0.6000000000000002	79.0	318.0	1295.0	2276.6	2675.249999999999	3267.4499999999994	3415.5
MIC	XMSM	median_turnover_20d	within_mic_diagnostic_only	16	15	1	11691792.466666667	15727781.09693015	0.0	0.0	0.0	481.8000000000002	541543.75	1810287.5	26030444.25	34017586.2	36438769.54999999	40598762.309999995	41638760.5
MIC	XMSM	median_vwap_20d	within_mic_diagnostic_only	16	15	1	19.936753333333332	31.079080156275005	0.0	0.0	0.0	0.4332400000000001	2.3159	7.3815	20.740775	59.58114999999998	89.53702999999997	99.83296599999998	102.40695
MIC	XOSL	available_sessions	cross_market	197	197	0	490.81218274111677	73.8178968248209	64.0	102.24	338.0	509.0	509.0	509.0	509.0	509.0	509.0	509.0	509.0
MIC	XOSL	momentum_1m	cross_market	197	197	0	0.00033037471147257056	0.1414546126338869	-0.5014577259475219	-0.27762205804339657	-0.17294261792934448	-0.1259429323968393	-0.0615671641791045	-0.0093457943925233	0.0506542629319159	0.11855849373388488	0.19666997259072252	0.5080038778959922	0.9428571428571428
MIC	XOSL	momentum_3m	cross_market	197	197	0	0.05164716750597638	0.2672763740289304	-0.7716937354988399	-0.7379090012677842	-0.2207556504734127	-0.15450732188383606	-0.0530303030303029	0.027538726333907	0.1286681715575621	0.26190971241445504	0.3331486333618214	0.8437612903225797	2.215909090909091
MIC	XOSL	momentum_6m	cross_market	197	193	4	0.04278602633326624	0.3436998397705513	-0.8976194901734769	-0.8270387574498825	-0.3561453491720981	-0.2570953897272601	-0.1029411764705882	0.0095238095238094	0.1408695652173912	0.35669358002767065	0.5440855553146902	1.3890213665630884	2.194130925507901
MIC	XOSL	volatility_60d_annualized	cross_market	197	197	0	0.40627959367627187	0.37307443527556217	0.0988249525215467	0.12795566747554346	0.16403926501373342	0.17767231490025637	0.2343969228442571	0.3158738238976178	0.4079220053752445	0.6966612279793268	0.8792611761614462	2.00533148385897	3.3838601143943
MIC	XOSL	current_drawdown_252d	cross_market	197	190	7	-0.20040588244035715	0.1981998167316376	-0.9863112409240036	-0.9066671965333916	-0.6026159654800431	-0.43284090909090905	-0.28721650266591536	-0.13439694180059292	-0.06478627682170195	-0.017556459288742773	0.0	0.0	0.0
MIC	XOSL	max_drawdown_252d	cross_market	197	190	7	-0.30242627716544196	0.18019852174388268	-0.9870934557283462	-0.9090672799107601	-0.6880751811594202	-0.5093855906967019	-0.3686752136752136	-0.26089350010414913	-0.17166121926957506	-0.1414761376248613	-0.12335375557482733	-0.08113463170233196	-0.0656167979002624
MIC	XOSL	median_shares_20d	within_mic_diagnostic_only	197	197	0	490092.847715736	1155673.4415373246	0.5	9.719999999999999	375.90000000000003	3132.7000000000003	27891.5	132651.5	448515.5	1215086.1	1754461.7999999945	5932705.639999999	10979245.0
MIC	XOSL	median_trades_20d	within_mic_diagnostic_only	197	197	0	503.7791878172589	808.6866719509935	0.5	0.98	5.300000000000001	9.5	43.5	231.5	608.0	1259.2000000000005	1832.8999999999996	3285.459999999995	6730.0
MIC	XOSL	median_turnover_20d	within_mic_diagnostic_only	197	197	0	32663610.59898477	87299692.20445077	54.5	1434.36	40376.0	95363.20000000001	460228.0	4472310.5	22084897.5	79755540.4	177841049.09999937	389983154.32	842181754.0
MIC	XOSL	median_vwap_20d	within_mic_diagnostic_only	197	197	0	116.1106347715736	178.65656239272263	0.2666	0.365348	1.7359400000000003	3.5016200000000013	13.35465	47.78215	156.50785	326.9024	440.10666999999995	761.9960799999996	1561.8539500000002
MIC	XPAR	available_sessions	cross_market	304	304	0	509.0	0.0	509.0	509.0	509.0	509.0	509.0	509.0	509.0	509.0	509.0	509.0	509.0
MIC	XPAR	momentum_1m	cross_market	304	304	0	-0.011920568436303344	0.4215236622428234	-0.2914012738853503	-0.2456746798283714	-0.14961439320413664	-0.12286387577480172	-0.09030599616899465	-0.04300416201200155	0.0	0.03394366197183087	0.09833492678032142	0.4866222360067118	6.991994532373396
MIC	XPAR	momentum_3m	cross_market	304	304	0	0.005081340670782063	0.45276449845017513	-0.6029411764705883	-0.4233970486162688	-0.27295940170940164	-0.20387477932916068	-0.11795301544457037	-0.02815911028354225	0.04047008392635683	0.15971515670717712	0.29095857236903966	1.1944195426089474	6.89906627588987
MIC	XPAR	momentum_6m	cross_market	304	304	0	0.03172346244886488	0.3924523563920012	-0.7970338983050848	-0.5612904925263416	-0.35444299193736856	-0.26053744967819686	-0.12373007213432738	-0.00165745856353595	0.11992424873054194	0.28861616589081646	0.42694515573839303	1.0097493020210928	4.831070535399513
MIC	XPAR	volatility_60d_annualized	cross_market	304	304	0	0.4011937334991565	0.5943228745380571	0.0	0.0	0.12648257666530058	0.15280132961528609	0.21317470600831573	0.29008294323499706	0.44351084825092413	0.6384722279050811	0.8570126834719849	1.4783123538398306	9.001605941415452
MIC	XPAR	current_drawdown_252d	cross_market	304	304	0	-0.23121521533838396	0.18171806455068704	-0.9081841432225064	-0.8072155643285923	-0.5845878815079938	-0.510447739857234	-0.32709793767563095	-0.18065872609289613	-0.1018730779983226	-0.04210232099651912	-0.02616067236360225	0.0	0.0
MIC	XPAR	max_drawdown_252d	cross_market	304	304	0	-0.3091376699430001	0.17442826082712892	-0.9333333333333332	-0.8657457249472716	-0.6277263303950376	-0.5571425531009236	-0.4034803921568627	-0.2612040133779264	-0.18177562138236286	-0.12362695981117028	-0.0951494211287988	-0.000582524271845236	0.0
MIC	XPAR	median_shares_20d	within_mic_diagnostic_only	304	304	0	259855.73355263157	621201.9621708406	0.0	0.0	0.0	1.0	701.5	23222.0	174324.875	726997.1	1432294.1749999959	3341374.88	4408630.5
MIC	XPAR	median_trades_20d	within_mic_diagnostic_only	304	304	0	1126.7220394736842	2639.0793313270087	0.0	0.0	0.0	1.0	18.875	201.75	960.5	3378.5499999999997	5023.599999999985	14275.714999999913	23401.0
MIC	XPAR	median_turnover_20d	within_mic_diagnostic_only	304	304	0	12010118.231907895	33532604.382439815	0.0	0.0	0.0	24.900000000000006	9518.625	242437.75	3451228.75	30795128.749999978	79396438.94999966	162624869.45499983	261351201.5
MIC	XPAR	median_vwap_20d	within_mic_diagnostic_only	304	304	0	72.85222993421054	217.8073726148838	0.0	0.0	0.0	0.08852999999999997	3.8480624999999997	19.179825	63.470225	148.44898999999987	281.3370299999995	853.013399999998	2783.33335
